program_order,program_id,program_en,program_zh,program_short_en,program_short_zh,program_kind_en,program_kind_zh,program_color,program_blurb_en,program_blurb_zh,program_film_count,order_in_program,film_id,title_en,title_zh,year,director,director_zh,runtime_min,country,country_zh,language,format_tags,synopsis_en,synopsis_zh,poster_url,imdb_id,imdb_url,tmdb_id
1,tribute-wilder-monroe,Tribute · Wild Dreams: Billy Wilder × Marilyn Monroe,向大师致敬 ｜ 狂野之梦：比利·怀尔德 x 玛丽莲·梦露,Wilder × Monroe,怀尔德 × 梦露,Tribute,向大师致敬,#d65a8f,"Eight films from the partnership and orbit of two Hollywood legends, restored where possible.",比利·怀尔德与玛丽莲·梦露轨道交汇的八部经典，尽可能呈现修复版本。,8,1,tribute-wilder-monroe-double-indemnity,DOUBLE INDEMNITY,双重赔偿,1944,Billy Wilder,比利·怀尔德,107,USA,美国,English,,An insurance salesman and a discontented wife conspire toward a perfect murder. The film noir blueprint.,一名保险推销员与一位不满的妻子合谋一桩完美谋杀。黑色电影自此有了蓝图。,https://image.tmdb.org/t/p/w500/rVNYZZgfhwqVMMWlBmxOfWqnwCj.jpg,tt0036775,https://www.imdb.com/title/tt0036775/,996
1,tribute-wilder-monroe,Tribute · Wild Dreams: Billy Wilder × Marilyn Monroe,向大师致敬 ｜ 狂野之梦：比利·怀尔德 x 玛丽莲·梦露,Wilder × Monroe,怀尔德 × 梦露,Tribute,向大师致敬,#d65a8f,"Eight films from the partnership and orbit of two Hollywood legends, restored where possible.",比利·怀尔德与玛丽莲·梦露轨道交汇的八部经典，尽可能呈现修复版本。,8,2,tribute-wilder-monroe-the-lost-weekend,THE LOST WEEKEND,失去的周末,1945,Billy Wilder,比利·怀尔德,101,USA,美国,English,,Four days inside the bender of a Manhattan writer who cannot finish anything except a drink.,曼哈顿一位写作者四天的酗酒长夜——他什么都写不完，只能喝光每一杯。,https://image.tmdb.org/t/p/w500/yL6EJxPeYIcB9TChm56lHqXKzHC.jpg,tt0037884,https://www.imdb.com/title/tt0037884/,28580
1,tribute-wilder-monroe,Tribute · Wild Dreams: Billy Wilder × Marilyn Monroe,向大师致敬 ｜ 狂野之梦：比利·怀尔德 x 玛丽莲·梦露,Wilder × Monroe,怀尔德 × 梦露,Tribute,向大师致敬,#d65a8f,"Eight films from the partnership and orbit of two Hollywood legends, restored where possible.",比利·怀尔德与玛丽莲·梦露轨道交汇的八部经典，尽可能呈现修复版本。,8,3,tribute-wilder-monroe-a-foreign-affair,A FOREIGN AFFAIR,柏林艳史,1948,Billy Wilder,比利·怀尔德,116,USA,美国,English,,"Postwar Berlin, half-rubble: an Iowa congresswoman, an Army captain, and a cabaret singer with a past.",战后半成废墟的柏林：一位爱荷华女议员、一名陆军上尉，与一位带着过去的歌厅歌手。,https://image.tmdb.org/t/p/w500/3kVxhtmvAIjcqj6LP7pAp5aId97.jpg,tt0040367,https://www.imdb.com/title/tt0040367/,61650
1,tribute-wilder-monroe,Tribute · Wild Dreams: Billy Wilder × Marilyn Monroe,向大师致敬 ｜ 狂野之梦：比利·怀尔德 x 玛丽莲·梦露,Wilder × Monroe,怀尔德 × 梦露,Tribute,向大师致敬,#d65a8f,"Eight films from the partnership and orbit of two Hollywood legends, restored where possible.",比利·怀尔德与玛丽莲·梦露轨道交汇的八部经典，尽可能呈现修复版本。,8,4,tribute-wilder-monroe-ace-in-the-hole,ACE IN THE HOLE,倒扣的王牌,1951,Billy Wilder,比利·怀尔德,111,USA,美国,English,,A washed-up reporter milks a New Mexico cave-in for every column inch it's worth. Wilder at his most acid.,一名失意记者把新墨西哥洞窟塌方榨成头条专栏的每一寸版面。怀尔德最酸的一次出手。,https://image.tmdb.org/t/p/w500/gPVPzHEsJBX02HtBtIQgYnfeqNQ.jpg,tt0043338,https://www.imdb.com/title/tt0043338/,25364
1,tribute-wilder-monroe,Tribute · Wild Dreams: Billy Wilder × Marilyn Monroe,向大师致敬 ｜ 狂野之梦：比利·怀尔德 x 玛丽莲·梦露,Wilder × Monroe,怀尔德 × 梦露,Tribute,向大师致敬,#d65a8f,"Eight films from the partnership and orbit of two Hollywood legends, restored where possible.",比利·怀尔德与玛丽莲·梦露轨道交汇的八部经典，尽可能呈现修复版本。,8,5,tribute-wilder-monroe-sabrina,SABRINA,龙凤配,1954,Billy Wilder,比利·怀尔德,113,USA,美国,English,,"A chauffeur's daughter returns from Paris transformed. Two brothers — one ascetic, one rakish — both notice.",司机的女儿从巴黎归来，已是另一个人。两兄弟——一位禁欲、一位风流——都察觉到了。,https://image.tmdb.org/t/p/w500/e1Po9NDrH7IJZhv89467gJH5FS0.jpg,tt0047437,https://www.imdb.com/title/tt0047437/,6620
1,tribute-wilder-monroe,Tribute · Wild Dreams: Billy Wilder × Marilyn Monroe,向大师致敬 ｜ 狂野之梦：比利·怀尔德 x 玛丽莲·梦露,Wilder × Monroe,怀尔德 × 梦露,Tribute,向大师致敬,#d65a8f,"Eight films from the partnership and orbit of two Hollywood legends, restored where possible.",比利·怀尔德与玛丽莲·梦露轨道交汇的八部经典，尽可能呈现修复版本。,8,6,tribute-wilder-monroe-some-like-it-hot,SOME LIKE IT HOT,热情如火,1959,Billy Wilder,比利·怀尔德,121,USA,美国,English,,Two Chicago musicians witness a massacre and flee in drag with an all-girl orchestra to Florida. Nobody's perfect.,两名芝加哥乐手目击屠杀，乔装成女子，混入一支女子乐团逃往佛罗里达。没人完美。,https://image.tmdb.org/t/p/w500/hVIKyTK13AvOGv7ICmJjK44DTzp.jpg,tt0053291,https://www.imdb.com/title/tt0053291/,239
1,tribute-wilder-monroe,Tribute · Wild Dreams: Billy Wilder × Marilyn Monroe,向大师致敬 ｜ 狂野之梦：比利·怀尔德 x 玛丽莲·梦露,Wilder × Monroe,怀尔德 × 梦露,Tribute,向大师致敬,#d65a8f,"Eight films from the partnership and orbit of two Hollywood legends, restored where possible.",比利·怀尔德与玛丽莲·梦露轨道交汇的八部经典，尽可能呈现修复版本。,8,7,tribute-wilder-monroe-the-apartment,THE APARTMENT,桃色公寓,1960,Billy Wilder,比利·怀尔德,125,USA,美国,English,,"An ambitious clerk lends out his apartment to executives, then begins to lose what he thought he wanted.",一名向上爬的小职员把公寓借给上司幽会，渐渐失去了他以为想要的一切。,https://image.tmdb.org/t/p/w500/hhSRt1KKfRT0yEhEtRW3qp31JFU.jpg,tt0053604,https://www.imdb.com/title/tt0053604/,284
1,tribute-wilder-monroe,Tribute · Wild Dreams: Billy Wilder × Marilyn Monroe,向大师致敬 ｜ 狂野之梦：比利·怀尔德 x 玛丽莲·梦露,Wilder × Monroe,怀尔德 × 梦露,Tribute,向大师致敬,#d65a8f,"Eight films from the partnership and orbit of two Hollywood legends, restored where possible.",比利·怀尔德与玛丽莲·梦露轨道交汇的八部经典，尽可能呈现修复版本。,8,8,tribute-wilder-monroe-the-misfits,THE MISFITS,乱点鸳鸯谱,1961,John Huston,约翰·休斯顿,124,USA,美国,English,,"Nevada divorcée meets three drifting cowboys. Monroe's last finished film, written by Arthur Miller.",内华达的离婚女子遇见三名漂泊的牛仔。梦露最后完成的电影，剧本出自阿瑟·米勒之手。,https://image.tmdb.org/t/p/w500/rkIkyPhT5oetT463HxpdIuct30l.jpg,tt0055184,https://www.imdb.com/title/tt0055184/,11536
2,tribute-ken-loach,"Tribute · Ken Loach, Master of Realism",向大师致敬 ｜ 写实巨匠肯·洛奇,Ken Loach,肯·洛奇,Tribute,向大师致敬,#5a4a3a,"A through-line of working-class British cinema, from Kes to The Old Oak.",从《小孩与鹰》到《老橡树酒馆》——一条延续半世纪的英伦工人阶级叙事。,7,1,tribute-ken-loach-kes,KES,小孩与鹰,1969,Ken Loach,肯·洛奇,110,United Kingdom,英国,English,,"A Yorkshire schoolboy from a hard family finds a kestrel chick and, briefly, something to be proud of.",约克郡一户艰难家庭的少年，发现了一只茶隼幼鸟，从此短暂地有了可以骄傲的东西。,,,https://www.imdb.com/find/?q=KES+1969&s=tt&ttype=ft,
2,tribute-ken-loach,"Tribute · Ken Loach, Master of Realism",向大师致敬 ｜ 写实巨匠肯·洛奇,Ken Loach,肯·洛奇,Tribute,向大师致敬,#5a4a3a,"A through-line of working-class British cinema, from Kes to The Old Oak.",从《小孩与鹰》到《老橡树酒馆》——一条延续半世纪的英伦工人阶级叙事。,7,2,tribute-ken-loach-family-life,FAMILY LIFE,家庭生活,1971,Ken Loach,肯·洛奇,108,United Kingdom,英国,English,,"A young woman's breakdown, and the institutions — family, psychiatry, the state — that converge on her.",一位年轻女子的崩溃，以及向她聚拢的所有机制：家庭、精神病学、国家。,https://image.tmdb.org/t/p/w500/v98xRe6kJu6NEHwktzTZIqDZe8t.jpg,tt0068569,https://www.imdb.com/title/tt0068569/,56942
2,tribute-ken-loach,"Tribute · Ken Loach, Master of Realism",向大师致敬 ｜ 写实巨匠肯·洛奇,Ken Loach,肯·洛奇,Tribute,向大师致敬,#5a4a3a,"A through-line of working-class British cinema, from Kes to The Old Oak.",从《小孩与鹰》到《老橡树酒馆》——一条延续半世纪的英伦工人阶级叙事。,7,3,tribute-ken-loach-ladybird-ladybird,LADYBIRD LADYBIRD,折翼母亲,1994,Ken Loach,肯·洛奇,102,United Kingdom,英国,English,,A working-class mother in Liverpool fights social services for her own children. Based on a true story.,利物浦一位工人阶级母亲，与社会福利机构争夺自己的孩子。改编自真人真事。,https://image.tmdb.org/t/p/w500/91KSK1xKdVEIDASKRo9ahBFCtM2.jpg,tt0110296,https://www.imdb.com/title/tt0110296/,49980
2,tribute-ken-loach,"Tribute · Ken Loach, Master of Realism",向大师致敬 ｜ 写实巨匠肯·洛奇,Ken Loach,肯·洛奇,Tribute,向大师致敬,#5a4a3a,"A through-line of working-class British cinema, from Kes to The Old Oak.",从《小孩与鹰》到《老橡树酒馆》——一条延续半世纪的英伦工人阶级叙事。,7,4,tribute-ken-loach-i-daniel-blake,"I, DANIEL BLAKE",我是布莱克,2016,Ken Loach,肯·洛奇,100,United Kingdom,英国,English,,"A Newcastle carpenter, after a heart attack, is told by an algorithm that he is fit to work. Palme d'Or, 2016.",纽卡斯尔一位木匠心脏病发后，被一套算法判定为'适合工作'。2016 年金棕榈。,https://image.tmdb.org/t/p/w500/nu3WVABXz2W85N6JXTZOT1aWS3b.jpg,tt5168192,https://www.imdb.com/title/tt5168192/,374473
2,tribute-ken-loach,"Tribute · Ken Loach, Master of Realism",向大师致敬 ｜ 写实巨匠肯·洛奇,Ken Loach,肯·洛奇,Tribute,向大师致敬,#5a4a3a,"A through-line of working-class British cinema, from Kes to The Old Oak.",从《小孩与鹰》到《老橡树酒馆》——一条延续半世纪的英伦工人阶级叙事。,7,5,tribute-ken-loach-sorry-we-missed-you,SORRY WE MISSED YOU,对不起，我们错过了你,2019,Ken Loach,肯·洛奇,101,United Kingdom,英国,English,,A gig-economy delivery driver and his care-worker wife try to hold a family together one shift at a time.,一名零工经济快递员，与照护工作的妻子，一班一班地试图把家庭维系在一起。,https://image.tmdb.org/t/p/w500/jNvlqNDnXH8aqBeiBxNNP0wWWO3.jpg,tt8359816,https://www.imdb.com/title/tt8359816/,522369
2,tribute-ken-loach,"Tribute · Ken Loach, Master of Realism",向大师致敬 ｜ 写实巨匠肯·洛奇,Ken Loach,肯·洛奇,Tribute,向大师致敬,#5a4a3a,"A through-line of working-class British cinema, from Kes to The Old Oak.",从《小孩与鹰》到《老橡树酒馆》——一条延续半世纪的英伦工人阶级叙事。,7,6,tribute-ken-loach-the-old-oak,THE OLD OAK,老橡树酒馆,2023,Ken Loach,肯·洛奇,113,United Kingdom,英国,English,,"In a former Durham mining village, a pub landlord and a young Syrian photographer try to make a community.",在德罕一座旧矿村，酒馆老板与一位年轻的叙利亚摄影师，尝试重新拼出一个社区。,https://image.tmdb.org/t/p/w500/xN293BKB0MDqpILmLCtGGYxQXKW.jpg,tt19883634,https://www.imdb.com/title/tt19883634/,970348
2,tribute-ken-loach,"Tribute · Ken Loach, Master of Realism",向大师致敬 ｜ 写实巨匠肯·洛奇,Ken Loach,肯·洛奇,Tribute,向大师致敬,#5a4a3a,"A through-line of working-class British cinema, from Kes to The Old Oak.",从《小孩与鹰》到《老橡树酒馆》——一条延续半世纪的英伦工人阶级叙事。,7,7,tribute-ken-loach-versus-the-life-and-films-of-ken-loach,VERSUS: THE LIFE AND FILMS OF KEN LOACH,对比：肯·洛奇的生活和影片,2016,Louise Osmond,路易丝·奥斯蒙,93,United Kingdom,英国,English,,"A documentary portrait of Ken Loach — fifty years of films, principles, and arguments.",一部肯·洛奇的纪录肖像：五十年的电影、原则与争论。,https://image.tmdb.org/t/p/w500/r8REKftAwQDC7IDPTxluTwYUbCR.jpg,tt5536398,https://www.imdb.com/title/tt5536398/,400326
3,sci-fi-week,Sci-Fi Film Week,科幻电影周,Sci-Fi Week,科幻,Curated Program,策展单元,#3a3a6a,"Imagined futures, restored and reframed.",被修复、被重新框定的想象未来。,4,1,sci-fi-week-a-i-artificial-intelligence,A.I. ARTIFICIAL INTELLIGENCE,人工智能,2001,Steven Spielberg,,146,"United Kingdom, United States of America",,EN,,"David, a robotic boy—the first of his kind programmed to love—is adopted as a test case by a Cybertronics employee and his wife. Though he gradually becomes their child, a series of unexpected circumstances make this life impossible for David.",21世纪中期，由于气候变暖，南北两极冰盖的融化，地球上很多城市都被淹没在了一片汪洋之中。此时，人类的科学技术已经达到了相当高的水平，人工智能机器人就是人类发明出来的用以应对恶劣自然环境的科技手段之一。先进的人工智能机器人不但拥有可以乱真的人类外表，而且还能像人类一样感知自己的存在。大卫（海利·乔·奥斯蒙特 饰）就是这样一个有思想、有感情的小孩机器人，他被一对人类父母莫妮卡和亨利所收养，但他始终不是真人。由于种种原因，莫妮卡还是将大卫留在郊外（为了使大卫不被销毁），所以他一直渴望着自己终有一天不再仅仅是个机器人。抱着对这个愿望的执着，大卫踏上了漫长的寻找蓝仙女的旅程，途中遇到了被追杀的善良的机器人乔（裘德·洛 饰）。谁也不知道他们能否完成自己的心愿成为真正的人，得到真正的爱。,https://image.tmdb.org/t/p/w500/8MZSGX5JORoO72EfuAEcejH5yHn.jpg,tt0212720,https://www.imdb.com/title/tt0212720/,644
3,sci-fi-week,Sci-Fi Film Week,科幻电影周,Sci-Fi Week,科幻,Curated Program,策展单元,#3a3a6a,"Imagined futures, restored and reframed.",被修复、被重新框定的想象未来。,4,2,sci-fi-week-fantastic-planet,FANTASTIC PLANET,原始星球,1973,René Laloux,雷内·拉鲁,72,France / Czechoslovakia,法国／捷克斯洛伐克,French,4K,"A 1973 animated parable: blue giants keep miniature humans as pets, until the small ones learn to read.",1973 年的动画寓言：蓝色巨人将人类当作宠物豢养，直到这些'小东西'学会了阅读。,https://image.tmdb.org/t/p/w500/prq0j1S0K07UjwLZLF6oMGflRUI.jpg,tt0070544,https://www.imdb.com/title/tt0070544/,16306
3,sci-fi-week,Sci-Fi Film Week,科幻电影周,Sci-Fi Week,科幻,Curated Program,策展单元,#3a3a6a,"Imagined futures, restored and reframed.",被修复、被重新框定的想象未来。,4,3,sci-fi-week-the-masters-of-time,THE MASTERS OF TIME,时间之主,1987,René Laloux,雷内·拉鲁,78,France,法国,French,4K,"On the desert planet Perdide, a stranded boy waits to be rescued by a voice across space. Designed by Mœbius.",沙漠星球佩尔迪德上，一个孤独的男孩等待来自太空的声音救援。墨比斯设计美术。,https://image.tmdb.org/t/p/w500/4ktdTOrJnSk7iCtX6Q2QR0sR9Je.jpg,tt0084315,https://www.imdb.com/title/tt0084315/,22501
3,sci-fi-week,Sci-Fi Film Week,科幻电影周,Sci-Fi Week,科幻,Curated Program,策展单元,#3a3a6a,"Imagined futures, restored and reframed.",被修复、被重新框定的想象未来。,4,4,sci-fi-week-gandahar,GANDAHAR,甘达星人,1987,René Laloux,雷内·拉鲁,83,France,法国,French,4K,"An idyllic kingdom is invaded by metal men, sent — perhaps — by the kingdom's own future.",一座田园王国遭遇金属人入侵，而那些机器或许来自王国自身的未来。,https://image.tmdb.org/t/p/w500/lDM8fxNsu8oYRmM66kZrLQnPNyw.jpg,tt0095525,https://www.imdb.com/title/tt0095525/,22500
4,new-horizons-dolby,New Horizons · Dolby Vision,新视野 ｜ 杜比视界,Dolby Vision,杜比视界,Format Showcase,格式展映,#1d3a8a,"Films presented in Dolby Vision HDR — full dynamic range, original intent.",杜比视界 HDR 呈现——完整动态范围，忠实创作意图。,2,1,new-horizons-dolby-the-transformers-the-movie,THE TRANSFORMERS: THE MOVIE,变形金刚大电影,1986,Nelson Shin,辛能澈,84,USA / Japan,美国／日本,English,DOLBY VISION,"The 1986 animated feature in Dolby Vision — Autobots, Decepticons, Unicron the planet-eater.",1986 年动画长片的杜比视界版本——汽车人、霸天虎，与吞噬星球的宇宙大帝。,https://image.tmdb.org/t/p/w500/xJ5W0mOAWCVaXmU0pBZh4NjSRv2.jpg,tt0092106,https://www.imdb.com/title/tt0092106/,1857
4,new-horizons-dolby,New Horizons · Dolby Vision,新视野 ｜ 杜比视界,Dolby Vision,杜比视界,Format Showcase,格式展映,#1d3a8a,"Films presented in Dolby Vision HDR — full dynamic range, original intent.",杜比视界 HDR 呈现——完整动态范围，忠实创作意图。,2,2,new-horizons-dolby-novocaine,NOVOCAINE,无痛凯恩,2025,"Dan Berk, Robert Olsen",丹·伯克、罗伯特·奥尔森,110,USA,美国,English,DOLBY VISION,A man who feels no pain is the wrong person to rob. An action comedy in Dolby Vision HDR.,对一个感觉不到痛的人下手抢劫，是糟糕的选择。杜比视界 HDR 的动作喜剧。,https://image.tmdb.org/t/p/w500/xmMHGz9dVRaMY6rRAlEX4W0Wdhm.jpg,tt29603959,https://www.imdb.com/title/tt29603959/,1195506
5,image-unlimited,Image Unlimited,影像无限,Image Unlimited,影像无限,Special Program,特别企划,#5a3aa6,"Films that stretch what a film can do — concert, performance, hybrid.",拓展电影边界的作品——音乐会、现场、混合形式。,5,1,image-unlimited-the-phantom-of-the-opera-at-the-royal-albert-hall,THE PHANTOM OF THE OPERA AT THE ROYAL ALBERT HALL,剧院魅影：25周年纪念演出,2011,Laurence Connor,,160,United Kingdom,,EN,,"A disfigured musical genius, hidden away in the Paris Opera House, terrorises the opera company for the unwitting benefit of a young protégée whom he trains and loves. The 25th anniversary of the first public performance of Phantom of the Opera was celebrated with a grand performance at the Royal Albert Hall in London.","这是一场为庆祝音乐剧《剧院魅影》成功上演25周年的音乐会，地点在英国伦敦的皇家阿尔伯特大厅（Royal Albert Hall）。活动于2011年10月1日晚、次日下午和晚上，一共进行了3场声势浩大的演出，为到场的音乐剧迷们奉献了一次震撼人心的视听盛宴。演出同时，其实况录像也在英美的大银幕上映。  阵容方面，伊朗裔加拿大音乐剧男演员Ramin Karimloo领衔主演男主角幽灵（The Phantom），美国音乐剧女演员Sierra Boggess饰演女主角克里斯蒂（Christine Daaé）。两人在韦伯2010年的一部作为《剧院魅影》续集的新剧《魅影：爱无止尽》（Love Never Dies）中，曾联袂合作，是《Love Never Dies》伦敦首演版的男女主角。而在此之前，Ramin Karimloo曾在07至09年《剧院魅影》伦敦版剧组扮演幽灵；而Sierra Boggess是《魅影》拉斯维加斯首演版的Christine，因此二人虽然早已对各自的角色驾轻就熟，而且有过合作经历，但这3场音乐会之前还不曾同台演绎过这部韦伯的经典名剧。演出最后，来自世界各地的《魅影》原创艺术家们一同上台，庆祝他们为之奉献的舞台经典。  音乐剧《剧院魅影》（The Phantom of The Opera）由安德鲁•劳埃德•韦伯（Andrew Lloyd Webber）作曲创作，改编自法国小说家Gaston Leroux的同名小说,被认为是音乐剧的一部撼世之作。该剧自1986年在伦敦西区首演以来，长盛不衰，成为伦敦西区第二长寿的音乐剧（在伦敦目前仅次于《悲惨世界》）。在美国纽约百老汇，该剧的纽约制作版自1988年上演至今，于2006年打破了由《猫》创造的连演纪录，成为了百老汇历史上最长寿的音乐剧。2004年，由乔尔•舒马赫导演的电影版本上映。在世界范围内，该剧取得了近60多项主要的戏剧奖项。截止到2011年，已在全球27个国家、145个城市上演过，发行过不同语言、不同制作版本的唱片。2004年，该剧第一次与中国大陆观众见面，当时的亚洲巡演制作版剧组，在上海大剧院连演近百场，轰动申城的文艺界，成为上海年度文化盛事之一。25年来，《剧院魅影》累计票房收入超过到32亿，压倒任何一部电影作品。目前该剧的英语剧组版本在伦敦、纽约、拉斯维加斯三地常驻当地剧院演出。",https://image.tmdb.org/t/p/w500/xYqpJl7XWENDfIy3CqtO8klHOTX.jpg,tt2077886,https://www.imdb.com/title/tt2077886/,76115
5,image-unlimited,Image Unlimited,影像无限,Image Unlimited,影像无限,Special Program,特别企划,#5a3aa6,"Films that stretch what a film can do — concert, performance, hybrid.",拓展电影边界的作品——音乐会、现场、混合形式。,5,2,image-unlimited-dry-leaf,DRY LEAF,落叶球,2025,,,,,,,,,,https://image.tmdb.org/t/p/w500/8yoTbPfrcqxNWkIIo7bayF2N8hl.jpg,,https://www.imdb.com/find/?q=DRY+LEAF+2025&s=tt&ttype=ft,1057888
5,image-unlimited,Image Unlimited,影像无限,Image Unlimited,影像无限,Special Program,特别企划,#5a3aa6,"Films that stretch what a film can do — concert, performance, hybrid.",拓展电影边界的作品——音乐会、现场、混合形式。,5,3,image-unlimited-marriage-of-the-fairy-princess,MARRIAGE OF THE FAIRY PRINCESS,天仙配,1956,Shi Hui,,91,China,,ZH,4K,The seventh immortal sister flies down to the mortal world and marries Dong Yong until the Jade Emperor obliges her to return to her world.,天宫中，玉皇大帝最小的女儿七仙女与姐姐们到凌虚台游玩，透过云雾看到了人间凡人百姓的生活，非常羡慕。其中，董永卖身葬父的举动感动了七仙女，七仙女爱慕他为人忠厚，恳求大姐帮她下凡。大姐禁不住七仙女的恳求，违背天宫戒律，送了她一支可以在凡间召唤姐姐的难香。七仙女带着难香下凡与董永结为夫妻。为给丈夫赎身，七仙女燃起难香召唤姐姐们帮她织出十匹锦绢，二人做工期满相携回家。返家途中，董永得知妻子已经怀有身孕，欣喜若狂，为妻子讨水解渴。董永离开不久，天上风云变幻，天将现身告诉七仙女玉帝要她午时三刻返回天宫，否则董永将被碎尸万段。七仙女听后痛彻心肺，但为了不让丈夫受伤害，在董永回来后告诉他自己的来历并留下誓言，然后，满怀悲痛地回到天宫。,https://image.tmdb.org/t/p/w500/cXP77FUGQBYM6gYAVozngl3lQny.jpg,tt3656810,https://www.imdb.com/title/tt3656810/,253033
5,image-unlimited,Image Unlimited,影像无限,Image Unlimited,影像无限,Special Program,特别企划,#5a3aa6,"Films that stretch what a film can do — concert, performance, hybrid.",拓展电影边界的作品——音乐会、现场、混合形式。,5,4,image-unlimited-lady,LADY,隐形女士,2025,,,,,,,,,,,,https://www.imdb.com/find/?q=LADY+2025&s=tt&ttype=ft,
5,image-unlimited,Image Unlimited,影像无限,Image Unlimited,影像无限,Special Program,特别企划,#5a3aa6,"Films that stretch what a film can do — concert, performance, hybrid.",拓展电影边界的作品——音乐会、现场、混合形式。,5,5,image-unlimited-memory-of-princess-mumbi,MEMORY OF PRINCESS MUMBI,蒙比公主的回忆,2025,Damien Hauser,,79,"Kenya, Switzerland, Saudi Arabia",,EN,,"In 2093, young filmmaker Kuve travels to the remote village of Umata to document the aftermath of a devastating war that outlawed post-2040s technology and brought ancient kingdoms back to life. There he meets Mumbi, a local filmmaker who challenges him to make his film without relying on AI, using only his hands, eyes and heart. As Kuve searches for his own voice in this unplugged world he slowly begins to understand that even in a broken world there is beauty to be found in the small human moments we so often overlook.",,https://image.tmdb.org/t/p/w500/wd7UYJw7saZbuynBfma3owuS18j.jpg,tt37670940,https://www.imdb.com/title/tt37670940/,1520504
6,new-horizons-imax,New Horizons · IMAX,新视野 ｜ IMAX,IMAX,IMAX,Format Showcase,格式展映,#0f5f3f,Eight titles in true IMAX presentation — including restored concert films.,八部 IMAX 呈现的影片——包含修复版演唱会电影。,8,1,new-horizons-imax-tommy,TOMMY,冲破黑暗谷,1975,Ken Russell,肯·罗素,111,United Kingdom,英国,English,IMAX,"Ken Russell's hallucinatory rock opera based on The Who's album. Deaf, dumb, blind kid sure plays a mean pinball.",肯·罗素根据 The Who 同名专辑拍摄的迷幻摇滚歌剧。又聋又哑又盲，却把弹珠台打得震天响。,https://image.tmdb.org/t/p/w500/pAImVnqBJwoFAKrcpAe17JjLGUs.jpg,tt0073812,https://www.imdb.com/title/tt0073812/,11326
6,new-horizons-imax,New Horizons · IMAX,新视野 ｜ IMAX,IMAX,IMAX,Format Showcase,格式展映,#0f5f3f,Eight titles in true IMAX presentation — including restored concert films.,八部 IMAX 呈现的影片——包含修复版演唱会电影。,8,2,new-horizons-imax-rolling-stones-at-the-max,ROLLING STONES: AT THE MAX,滚石乐队 至臻现场,1991,Julien Temple,朱利安·坦普尔,89,United Kingdom,英国,English,IMAX,"The Rolling Stones' Urban Jungle tour, shot in IMAX. The first concert film made for the format.",滚石乐队 Urban Jungle 巡演的 IMAX 现场。该格式上第一部演唱会电影。,https://image.tmdb.org/t/p/w500/qhYVylMSytAHqGASdCAb0vxPtro.jpg,tt0101374,https://www.imdb.com/title/tt0101374/,50667
6,new-horizons-imax,New Horizons · IMAX,新视野 ｜ IMAX,IMAX,IMAX,Format Showcase,格式展映,#0f5f3f,Eight titles in true IMAX presentation — including restored concert films.,八部 IMAX 呈现的影片——包含修复版演唱会电影。,8,3,new-horizons-imax-cave-of-forgotten-dreams,CAVE OF FORGOTTEN DREAMS,忘梦洞,2010,Werner Herzog,维尔纳·赫尔佐格,90,Germany / USA,德国／美国,English,"IMAX, 3D IMAX",Herzog enters the Chauvet caves with 3D cameras. Thirty-two thousand years of charcoal horses.,赫尔佐格带 3D 摄影机走进肖维洞穴。三万两千年前的炭笔群马。,https://image.tmdb.org/t/p/w500/7qBfQ2x3FnbB7uRaHQOBjfWFBpc.jpg,tt1664894,https://www.imdb.com/title/tt1664894/,59490
6,new-horizons-imax,New Horizons · IMAX,新视野 ｜ IMAX,IMAX,IMAX,Format Showcase,格式展映,#0f5f3f,Eight titles in true IMAX presentation — including restored concert films.,八部 IMAX 呈现的影片——包含修复版演唱会电影。,8,4,new-horizons-imax-dune-part-one,DUNE: PART ONE,沙丘,2021,Denis Villeneuve,丹尼斯·维伦纽瓦,155,USA,美国,English,IMAX,"House Atreides arrives on Arrakis. Villeneuve's first half of Herbert's epic — sandstorms, ornithopters, prophecy.",厄崔迪家族抵达阿拉基斯。维伦纽瓦版赫伯特史诗的上半部——沙暴、扑翼机、预言。,https://image.tmdb.org/t/p/w500/gDzOcq0pfeCeqMBwKIJlSmQpjkZ.jpg,tt1160419,https://www.imdb.com/title/tt1160419/,438631
6,new-horizons-imax,New Horizons · IMAX,新视野 ｜ IMAX,IMAX,IMAX,Format Showcase,格式展映,#0f5f3f,Eight titles in true IMAX presentation — including restored concert films.,八部 IMAX 呈现的影片——包含修复版演唱会电影。,8,5,new-horizons-imax-dune-part-two,DUNE: PART TWO,沙丘2,2024,Denis Villeneuve,丹尼斯·维伦纽瓦,166,USA,美国,English,IMAX,"Paul among the Fremen. Vengeance, holy war, the choice that becomes a religion.",保罗加入弗雷曼人。复仇、圣战，以及一个选择如何成为一种信仰。,https://image.tmdb.org/t/p/w500/1pdfLvkbY9ohJlCjQH2CZjjYVvJ.jpg,tt15239678,https://www.imdb.com/title/tt15239678/,693134
6,new-horizons-imax,New Horizons · IMAX,新视野 ｜ IMAX,IMAX,IMAX,Format Showcase,格式展映,#0f5f3f,Eight titles in true IMAX presentation — including restored concert films.,八部 IMAX 呈现的影片——包含修复版演唱会电影。,8,6,new-horizons-imax-epic-elvis-presley-in-concert,EPIC: ELVIS PRESLEY IN CONCERT,传奇：演唱的猫王,2025,—,—,92,USA,美国,English,IMAX,A new IMAX concert document built from restored archival footage of Elvis Presley in performance.,由修复档案影像构成的 IMAX 演唱会纪录：埃尔维斯·普雷斯利的现场。,https://image.tmdb.org/t/p/w500/2K2NH5dforjT9kLcUC0eeBpdZkC.jpg,tt35003538,https://www.imdb.com/title/tt35003538/,1445363
6,new-horizons-imax,New Horizons · IMAX,新视野 ｜ IMAX,IMAX,IMAX,Format Showcase,格式展映,#0f5f3f,Eight titles in true IMAX presentation — including restored concert films.,八部 IMAX 呈现的影片——包含修复版演唱会电影。,8,7,new-horizons-imax-stormbound,STORMBOUND,风暴边缘,2025,—,—,104,USA,美国,English,IMAX,A 2025 IMAX feature; full credits to be confirmed at festival.,2025 年 IMAX 长片，详细资料待电影节公布。,https://image.tmdb.org/t/p/w500/iBcfLL7xkvsDPg0KAVFHLkg4Hp.jpg,tt24222232,https://www.imdb.com/title/tt24222232/,1183999
6,new-horizons-imax,New Horizons · IMAX,新视野 ｜ IMAX,IMAX,IMAX,Format Showcase,格式展映,#0f5f3f,Eight titles in true IMAX presentation — including restored concert films.,八部 IMAX 呈现的影片——包含修复版演唱会电影。,8,8,new-horizons-imax-weapons,WEAPONS,凶器,2025,Zach Cregger,扎克·克莱格,128,USA,美国,English,IMAX,A small town. Seventeen children walk out of their houses at exactly 2:17 a.m. None of them comes back.,一座小镇。十七个孩子在凌晨 2 点 17 分整一齐离家出走，无一归来。,https://image.tmdb.org/t/p/w500/cpf7vsRZ0MYRQcnLWteD5jK9ymT.jpg,tt26581740,https://www.imdb.com/title/tt26581740/,1078605
7,tribute-memorial,Tribute · In Memoriam,向大师致敬｜特别纪念,In Memoriam,特别纪念,Tribute,向大师致敬,#3a3a3a,"Programs of remembrance — Yi Wen, Godard, Reiner, Rob Reiner's circle, Ke Jin, Béla Tarr.",致敬过往：易文、戈达尔、罗伯·莱纳一脉，及贝拉·塔尔的全景式回顾。,29,1,tribute-memorial-phony-phoenixes,PHONY PHOENIXES,假凤虚凰,1947,Huang Zuolin,黄佐临,92,China,中国,Mandarin,,"A 1947 Shanghai screwball: two impostors meet at a marriage broker's, each convinced the other is rich.",1947 年的上海闹剧：两个冒名顶替者在媒人处相遇，各自以为对方是富翁。,https://image.tmdb.org/t/p/w500/nG1qZ5VknDxO3dfrvMLaDhOycP5.jpg,tt5855500,https://www.imdb.com/title/tt5855500/,531020
7,tribute-memorial,Tribute · In Memoriam,向大师致敬｜特别纪念,In Memoriam,特别纪念,Tribute,向大师致敬,#3a3a3a,"Programs of remembrance — Yi Wen, Godard, Reiner, Rob Reiner's circle, Ke Jin, Béla Tarr.",致敬过往：易文、戈达尔、罗伯·莱纳一脉，及贝拉·塔尔的全景式回顾。,29,2,tribute-memorial-sorrows-and-joys-of-a-middle-aged-man,SORROWS AND JOYS OF A MIDDLE-AGED MAN,哀乐中年,1949,Sang Hu,桑弧,110,China,中国,Mandarin,4K,"Shanghai, 1949. A widowed teacher and the women, students, and obligations around him.",1949 年的上海。丧偶教师与他身边的女性、学生、责任。,https://image.tmdb.org/t/p/w500/AqCK01SRpb7X2vQtTMq0rUpqjHI.jpg,tt1580409,https://www.imdb.com/title/tt1580409/,176628
7,tribute-memorial,Tribute · In Memoriam,向大师致敬｜特别纪念,In Memoriam,特别纪念,Tribute,向大师致敬,#3a3a3a,"Programs of remembrance — Yi Wen, Godard, Reiner, Rob Reiner's circle, Ke Jin, Béla Tarr.",致敬过往：易文、戈达尔、罗伯·莱纳一脉，及贝拉·塔尔的全景式回顾。,29,3,tribute-memorial-murder-in-405,MURDER IN 405,405谋杀案,1980,Shen Yaoting,沈耀庭,109,China,中国,Mandarin,,"An early-Reform-era Chinese mystery: a hospital ward, a corpse, an investigator from Shanghai.",改革开放初年的中国推理：医院 405 病房、一具尸体，与来自上海的调查者。,https://image.tmdb.org/t/p/w500/f4CGKPCzBUShEo0ggk931gQYMe.jpg,tt0339981,https://www.imdb.com/title/tt0339981/,524498
7,tribute-memorial,Tribute · In Memoriam,向大师致敬｜特别纪念,In Memoriam,特别纪念,Tribute,向大师致敬,#3a3a3a,"Programs of remembrance — Yi Wen, Godard, Reiner, Rob Reiner's circle, Ke Jin, Béla Tarr.",致敬过往：易文、戈达尔、罗伯·莱纳一脉，及贝拉·塔尔的全景式回顾。,29,4,tribute-memorial-contempt,CONTEMPT,蔑视,1963,Jean-Luc Godard,让-吕克·戈达尔,102,France / Italy,法国／意大利,French,4K,"A screenwriter in Capri loses his wife between scenes. Bardot, Piccoli, Fritz Lang as himself.",卡普里岛上，一位编剧在两场戏之间失去了妻子。芭铎、皮科利，弗里茨·朗本色出演。,https://image.tmdb.org/t/p/w500/kNElbRcp4Qz6wmJ9kH5vdY004Hq.jpg,tt0057345,https://www.imdb.com/title/tt0057345/,266
7,tribute-memorial,Tribute · In Memoriam,向大师致敬｜特别纪念,In Memoriam,特别纪念,Tribute,向大师致敬,#3a3a3a,"Programs of remembrance — Yi Wen, Godard, Reiner, Rob Reiner's circle, Ke Jin, Béla Tarr.",致敬过往：易文、戈达尔、罗伯·莱纳一脉，及贝拉·塔尔的全景式回顾。,29,5,tribute-memorial-annie-hall,ANNIE HALL,安妮·霍尔,1977,Woody Allen,伍迪·艾伦,93,USA,美国,English,4K,"Alvy Singer, neurotic New York comedian, looks back on a relationship that didn't last but mattered.",纽约神经质喜剧演员阿尔维·辛格回望一段未能持续、却至关重要的关系。,https://image.tmdb.org/t/p/w500/dEtjPywhDbAXYjoFfhBC4U9unU7.jpg,tt0075686,https://www.imdb.com/title/tt0075686/,703
7,tribute-memorial,Tribute · In Memoriam,向大师致敬｜特别纪念,In Memoriam,特别纪念,Tribute,向大师致敬,#3a3a3a,"Programs of remembrance — Yi Wen, Godard, Reiner, Rob Reiner's circle, Ke Jin, Béla Tarr.",致敬过往：易文、戈达尔、罗伯·莱纳一脉，及贝拉·塔尔的全景式回顾。,29,6,tribute-memorial-stand-by-me,STAND BY ME,伴我同行,1986,Rob Reiner,罗伯·莱纳,89,USA,美国,English,4K,Four boys walk along the train tracks to find a body. A coming-of-age dispatch.,四个男孩沿着铁路寻找一具尸体。一篇成长报告。,https://image.tmdb.org/t/p/w500/vz0w9BSehcqjDcJOjRaCk7fgJe7.jpg,,https://www.imdb.com/find/?q=STAND+BY+ME+1986&s=tt&ttype=ft,235
7,tribute-memorial,Tribute · In Memoriam,向大师致敬｜特别纪念,In Memoriam,特别纪念,Tribute,向大师致敬,#3a3a3a,"Programs of remembrance — Yi Wen, Godard, Reiner, Rob Reiner's circle, Ke Jin, Béla Tarr.",致敬过往：易文、戈达尔、罗伯·莱纳一脉，及贝拉·塔尔的全景式回顾。,29,7,tribute-memorial-when-harry-met-sally,WHEN HARRY MET SALLY…,当哈利遇到莎莉,1989,Rob Reiner,罗伯·莱纳,96,USA,美国,English,4K,"Twelve years of meeting, missing, becoming friends, and the famous deli scene in between.",十二年的相遇与擦身、成为朋友——以及那场著名的熟食店戏。,https://image.tmdb.org/t/p/w500/rFOiFUhTMtDetqCGClC9PIgnC1P.jpg,tt0098635,https://www.imdb.com/title/tt0098635/,639
7,tribute-memorial,Tribute · In Memoriam,向大师致敬｜特别纪念,In Memoriam,特别纪念,Tribute,向大师致敬,#3a3a3a,"Programs of remembrance — Yi Wen, Godard, Reiner, Rob Reiner's circle, Ke Jin, Béla Tarr.",致敬过往：易文、戈达尔、罗伯·莱纳一脉，及贝拉·塔尔的全景式回顾。,29,8,tribute-memorial-misery,MISERY,危情十日,1990,Rob Reiner,罗伯·莱纳,107,USA,美国,English,4K,A writer's number-one fan saves him from a snowstorm and into something worse.,一位作家'第一粉丝'将他从暴风雪中救起，却把他带向更糟的处境。,https://image.tmdb.org/t/p/w500/klPO5oh1LOxiPpdDXZo1ADgpKcw.jpg,tt0100157,https://www.imdb.com/title/tt0100157/,1700
7,tribute-memorial,Tribute · In Memoriam,向大师致敬｜特别纪念,In Memoriam,特别纪念,Tribute,向大师致敬,#3a3a3a,"Programs of remembrance — Yi Wen, Godard, Reiner, Rob Reiner's circle, Ke Jin, Béla Tarr.",致敬过往：易文、戈达尔、罗伯·莱纳一脉，及贝拉·塔尔的全景式回顾。,29,9,tribute-memorial-a-few-good-men,A FEW GOOD MEN,好人寥寥,1992,Rob Reiner,罗伯·莱纳,138,USA,美国,English,4K,"Two Marines in Guantanamo, a court martial, and a colonel asked whether he can handle the truth.",关塔那摩两名海军陆战队员、一场军事法庭，与一位被问及'能否承受真相'的上校。,https://image.tmdb.org/t/p/w500/rLOk4z9zL1tTukIYV56P94aZXKk.jpg,tt0104257,https://www.imdb.com/title/tt0104257/,881
7,tribute-memorial,Tribute · In Memoriam,向大师致敬｜特别纪念,In Memoriam,特别纪念,Tribute,向大师致敬,#3a3a3a,"Programs of remembrance — Yi Wen, Godard, Reiner, Rob Reiner's circle, Ke Jin, Béla Tarr.",致敬过往：易文、戈达尔、罗伯·莱纳一脉，及贝拉·塔尔的全景式回顾。,29,10,tribute-memorial-the-bucket-list,THE BUCKET LIST,遗愿清单,2007,Rob Reiner,罗伯·莱纳,97,USA,美国,English,,"Two terminally ill men leave the hospital with a list. Jack Nicholson, Morgan Freeman.",两位末期病人带着一份清单离开医院。杰克·尼科尔森、摩根·弗里曼主演。,https://image.tmdb.org/t/p/w500/idbNSe8zsYKQL97dJApfOrDSdya.jpg,tt0825232,https://www.imdb.com/title/tt0825232/,7350
7,tribute-memorial,Tribute · In Memoriam,向大师致敬｜特别纪念,In Memoriam,特别纪念,Tribute,向大师致敬,#3a3a3a,"Programs of remembrance — Yi Wen, Godard, Reiner, Rob Reiner's circle, Ke Jin, Béla Tarr.",致敬过往：易文、戈达尔、罗伯·莱纳一脉，及贝拉·塔尔的全景式回顾。,29,11,tribute-memorial-flipped,FLIPPED,怦然心动,2010,Rob Reiner,罗伯·莱纳,90,USA,美国,English,,"Two narrators, one street. He thinks she's strange. She knows he's the boy from the day she moved in.",两位旁白，一条街道。他觉得她奇怪；她从搬进来那天就认定，是他。,https://image.tmdb.org/t/p/w500/6zDYFigohwncqFL00MKbFV01dWb.jpg,tt0817177,https://www.imdb.com/title/tt0817177/,43949
7,tribute-memorial,Tribute · In Memoriam,向大师致敬｜特别纪念,In Memoriam,特别纪念,Tribute,向大师致敬,#3a3a3a,"Programs of remembrance — Yi Wen, Godard, Reiner, Rob Reiner's circle, Ke Jin, Béla Tarr.",致敬过往：易文、戈达尔、罗伯·莱纳一脉，及贝拉·塔尔的全景式回顾。,29,12,tribute-memorial-family-nest,FAMILY NEST,居巢,1979,Béla Tarr,贝拉·塔尔,100,Hungary,匈牙利,Hungarian,4K,Tarr's first feature: a young couple in a tiny Budapest flat shared with the husband's parents.,塔尔的处女作：一对年轻夫妇，住在与丈夫父母合用的狭小布达佩斯公寓。,https://image.tmdb.org/t/p/w500/tNizybxpOcOAkBzzOyRGVJ323pF.jpg,tt0077383,https://www.imdb.com/title/tt0077383/,48318
7,tribute-memorial,Tribute · In Memoriam,向大师致敬｜特别纪念,In Memoriam,特别纪念,Tribute,向大师致敬,#3a3a3a,"Programs of remembrance — Yi Wen, Godard, Reiner, Rob Reiner's circle, Ke Jin, Béla Tarr.",致敬过往：易文、戈达尔、罗伯·莱纳一脉，及贝拉·塔尔的全景式回顾。,29,13,tribute-memorial-the-outsider,THE OUTSIDER,异乡人,1981,Béla Tarr,贝拉·塔尔,145,Hungary,匈牙利,Hungarian,4K,A drifting musician moves between gigs and lovers and jobs that won't keep.,一位漂泊的乐手在演出、情人与留不住的工作之间游走。,https://image.tmdb.org/t/p/w500/uUwEsMg1BlMm2nwCY9l2XlNEfPV.jpg,tt0083151,https://www.imdb.com/title/tt0083151/,128043
7,tribute-memorial,Tribute · In Memoriam,向大师致敬｜特别纪念,In Memoriam,特别纪念,Tribute,向大师致敬,#3a3a3a,"Programs of remembrance — Yi Wen, Godard, Reiner, Rob Reiner's circle, Ke Jin, Béla Tarr.",致敬过往：易文、戈达尔、罗伯·莱纳一脉，及贝拉·塔尔的全景式回顾。,29,14,tribute-memorial-the-prefab-people,THE PREFAB PEOPLE,积木人生,1982,Béla Tarr,贝拉·塔尔,82,Hungary,匈牙利,Hungarian,,A marriage filmed in fifteen minutes of long takes and a decade of grievance.,一段婚姻，由十几分钟的长镜头与十年积怨拍成。,https://image.tmdb.org/t/p/w500/7CnQdDj9lq45OA2wRJpsoIxYRto.jpg,tt0084465,https://www.imdb.com/title/tt0084465/,60261
7,tribute-memorial,Tribute · In Memoriam,向大师致敬｜特别纪念,In Memoriam,特别纪念,Tribute,向大师致敬,#3a3a3a,"Programs of remembrance — Yi Wen, Godard, Reiner, Rob Reiner's circle, Ke Jin, Béla Tarr.",致敬过往：易文、戈达尔、罗伯·莱纳一脉，及贝拉·塔尔的全景式回顾。,29,15,tribute-memorial-almanac-of-fall,ALMANAC OF FALL,秋天年鉴,1984,Béla Tarr,贝拉·塔尔,119,Hungary,匈牙利,Hungarian,,"Five people circle each other in a decaying apartment, in red and green light. Tarr's chromatic chamber drama.",五人在一处衰败公寓内彼此盘旋，红与绿的灯光下。塔尔的色彩室内剧。,https://image.tmdb.org/t/p/w500/w1zFwAX87FwLvx9JEHnhFCf5kZj.jpg,tt0087855,https://www.imdb.com/title/tt0087855/,74903
7,tribute-memorial,Tribute · In Memoriam,向大师致敬｜特别纪念,In Memoriam,特别纪念,Tribute,向大师致敬,#3a3a3a,"Programs of remembrance — Yi Wen, Godard, Reiner, Rob Reiner's circle, Ke Jin, Béla Tarr.",致敬过往：易文、戈达尔、罗伯·莱纳一脉，及贝拉·塔尔的全景式回顾。,29,16,tribute-memorial-damnation,DAMNATION,诅咒,1988,Béla Tarr,贝拉·塔尔,120,Hungary,匈牙利,Hungarian,4K,A man in a rain-soaked mining town informs on the husband of the woman he loves. Tarr finds his style.,雨水浸透的矿镇里，一个男人向当局告发他所爱女人的丈夫。塔尔自此找到自己的风格。,https://image.tmdb.org/t/p/w500/iW1WHmZEk9QTeY4qp7gjaDcCPDS.jpg,tt0095475,https://www.imdb.com/title/tt0095475/,20122
7,tribute-memorial,Tribute · In Memoriam,向大师致敬｜特别纪念,In Memoriam,特别纪念,Tribute,向大师致敬,#3a3a3a,"Programs of remembrance — Yi Wen, Godard, Reiner, Rob Reiner's circle, Ke Jin, Béla Tarr.",致敬过往：易文、戈达尔、罗伯·莱纳一脉，及贝拉·塔尔的全景式回顾。,29,17,tribute-memorial-satan-s-tango,SATAN’S TANGO,撒旦探戈,1994,Béla Tarr,,432,"Germany, Hungary, Switzerland",,HU,4K,"Inhabitants of a small village in Hungary deal with the effects of the fall of Communism. The town's source of revenue, a factory, has closed, and the locals, who include a doctor and three couples, await a cash payment offered in the wake of the shuttering. Irimias, a villager thought to be dead, returns and, unbeknownst to the locals, is a police informant. In a scheme, he persuades the villagers to form a commune with him.",“片长七小时却每一分钟皆雷霆万钧，引人入胜。但愿在我有生之年，年年都重看一遍。”——苏珊‧桑塔格 开场八分钟的推轨镜头，已道出此片的史诗气魄。牛群从牛棚涌出，摄影机隔 着 一列破旧的农居追踪，有趣的是牠们一路盲目前冲，一路还试图交配。塔可夫斯基式的画面，却是教人屏息的典型塔尔风格，妙笔一挥预告一个集体农场如何走向灭亡。故事始于传闻已死的骗子重临村子，他要骗走农场收入 ，却给村民认定是大救星。接 着 上演一个悲剧，然后是一个讽刺故事。全片十二章的结构正如 Krashnahorkai 的原着，启发自六步踏前、六步退后的探戈舞，不同视角有时重複同一剧情。农场最终的命运暗喻九十年代初共产主义的破产，同时也是人类共同命运的观照。全片最精采两段，一是担当叙事者的医生偷偷记录村民活动，他蹒跚买醉的跟镜，成为最感人的观影存在体验。另一段女孩虐猫，亦写下影史上有数的伤感时刻。没有故弄玄虚，一种交代故事的坦率，让演员在真实时间存在，让观众随他们的情态同步呼吸，箇中有导演对电影最大的深情与敬意。七个半小时的每个镜头，个个都是不朽──没有想当然的静止，而是自有一种有机的内在节奏。像小津和德莱叶，塔尔深谙长镜头的真谛。这是必须去经历的，一生难逢的观影经验。,https://image.tmdb.org/t/p/w500/y38z0v4HJ12MHiKddLEoFlvPiBt.jpg,tt0111341,https://www.imdb.com/title/tt0111341/,31414
7,tribute-memorial,Tribute · In Memoriam,向大师致敬｜特别纪念,In Memoriam,特别纪念,Tribute,向大师致敬,#3a3a3a,"Programs of remembrance — Yi Wen, Godard, Reiner, Rob Reiner's circle, Ke Jin, Béla Tarr.",致敬过往：易文、戈达尔、罗伯·莱纳一脉，及贝拉·塔尔的全景式回顾。,29,18,tribute-memorial-werckmeister-harmonies,WERCKMEISTER HARMONIES,鲸鱼马戏团,2000,Béla Tarr,贝拉·塔尔,145,Hungary,匈牙利,Hungarian,4K,"A whale arrives in a Hungarian town in a wooden trailer. So does a riot. Cosmic, bleak, exact.",一头鲸鱼装在木拖车里进了匈牙利小镇。一场骚乱随之到来。宇宙性的、阴郁的、精确的。,https://image.tmdb.org/t/p/w500/ix3pquGqTkCW86UbVTdRcrhGEFm.jpg,tt0249241,https://www.imdb.com/title/tt0249241/,23160
7,tribute-memorial,Tribute · In Memoriam,向大师致敬｜特别纪念,In Memoriam,特别纪念,Tribute,向大师致敬,#3a3a3a,"Programs of remembrance — Yi Wen, Godard, Reiner, Rob Reiner's circle, Ke Jin, Béla Tarr.",致敬过往：易文、戈达尔、罗伯·莱纳一脉，及贝拉·塔尔的全景式回顾。,29,19,tribute-memorial-the-man-from-london,THE MAN FROM LONDON,来自伦敦的男人,2007,Béla Tarr,贝拉·塔尔,132,Hungary / France / Germany,匈牙利／法国／德国,Hungarian,,"A harbor signalman witnesses a murder, and a suitcase changes hands in the dark.",港口信号员目睹了一桩谋杀，黑暗中一只手提箱易主。,https://image.tmdb.org/t/p/w500/poBhgpN4fJfzaRuG4wMLah3rHLw.jpg,,https://www.imdb.com/find/?q=THE+MAN+FROM+LONDON+2007&s=tt&ttype=ft,31262
7,tribute-memorial,Tribute · In Memoriam,向大师致敬｜特别纪念,In Memoriam,特别纪念,Tribute,向大师致敬,#3a3a3a,"Programs of remembrance — Yi Wen, Godard, Reiner, Rob Reiner's circle, Ke Jin, Béla Tarr.",致敬过往：易文、戈达尔、罗伯·莱纳一脉，及贝拉·塔尔的全景式回顾。,29,20,tribute-memorial-the-turin-horse,THE TURIN HORSE,都灵之马,2011,Béla Tarr,贝拉·塔尔,146,Hungary,匈牙利,Hungarian,,"Six days at the end of the world. Wind, potatoes, an old man, his daughter, and a horse that will not eat.",世界末日的六天。风、土豆、一位老人、他的女儿，以及一匹不肯进食的马。,https://image.tmdb.org/t/p/w500/2kSElneXSKmMsGL55k0CbPGqLbu.jpg,tt1316540,https://www.imdb.com/title/tt1316540/,81401
7,tribute-memorial,Tribute · In Memoriam,向大师致敬｜特别纪念,In Memoriam,特别纪念,Tribute,向大师致敬,#3a3a3a,"Programs of remembrance — Yi Wen, Godard, Reiner, Rob Reiner's circle, Ke Jin, Béla Tarr.",致敬过往：易文、戈达尔、罗伯·莱纳一脉，及贝拉·塔尔的全景式回顾。,29,21,tribute-memorial-the-chase,THE CHASE,凯德警长,1966,Arthur Penn,,135,United States of America,,EN,4K,The escape of Bubber Reeves from prison affects the inhabitants of a small Southern town.,故事发生在德克萨斯的一个小镇，这里充斥着利益、权力、私欲的争夺。治安官凯德因为追查越狱犯巴布尔而陷入困境。要知道，这个巴布尔牵扯到很多错综复杂的关系，其妻子因为于石油大王瓦尔之子约翰有染，瓦尔为了家族利益，欲除巴布尔以绝后患，凯德治安官为了正义而战，正义与邪恶势力也展开了一场大追击……,https://image.tmdb.org/t/p/w500/lpX8szjdzaXqxKBiV8xfRVNzSiu.jpg,tt0060232,https://www.imdb.com/title/tt0060232/,31602
7,tribute-memorial,Tribute · In Memoriam,向大师致敬｜特别纪念,In Memoriam,特别纪念,Tribute,向大师致敬,#3a3a3a,"Programs of remembrance — Yi Wen, Godard, Reiner, Rob Reiner's circle, Ke Jin, Béla Tarr.",致敬过往：易文、戈达尔、罗伯·莱纳一脉，及贝拉·塔尔的全景式回顾。,29,22,tribute-memorial-the-sting,THE STING,骗中骗,1973,George Roy Hill,,129,United States of America,,EN,4K,A novice con man teams up with an acknowledged master to avenge the murder of a mutual friend by pulling off the ultimate big con and swindling a fortune from a big-time mobster.,1936年9月的芝加哥，一名年轻的骗子为给遇害的搭档复仇，与一位骗术大师联手，设局从一名犯罪头目银行家手中赢取巨额财富。,https://image.tmdb.org/t/p/w500/ckmYng37zey8INYf6d10cVgIG93.jpg,tt0070735,https://www.imdb.com/title/tt0070735/,9277
7,tribute-memorial,Tribute · In Memoriam,向大师致敬｜特别纪念,In Memoriam,特别纪念,Tribute,向大师致敬,#3a3a3a,"Programs of remembrance — Yi Wen, Godard, Reiner, Rob Reiner's circle, Ke Jin, Béla Tarr.",致敬过往：易文、戈达尔、罗伯·莱纳一脉，及贝拉·塔尔的全景式回顾。,29,23,tribute-memorial-all-the-president-s-men,ALL THE PRESIDENT’S MEN,总统班底,1976,Alan J. Pakula,,138,United States of America,,EN,4K,"During the 1972 elections, two reporters' investigation sheds light on the controversial Watergate scandal that compels President Nixon to resign from his post.",1972年6月17日，水门大厦内灯光亮起，四名窃贼潜入民主党全国总部的行径被当场抓获。那个夜晚所引发的连锁曝光，最终将一位美国总统逼下台。《华盛顿邮报》记者鲍勃·伍德沃德（罗伯特·雷德福 饰）与卡尔·伯恩斯坦（达斯汀·霍夫曼 饰）率先抓住这起闯入事件，并顶住重重质疑、否认与挫折，坚持追查到底。[华纳兄弟],https://image.tmdb.org/t/p/w500/cPtSHR7D2WGsDBfnC5DxV927hKn.jpg,tt0074119,https://www.imdb.com/title/tt0074119/,891
7,tribute-memorial,Tribute · In Memoriam,向大师致敬｜特别纪念,In Memoriam,特别纪念,Tribute,向大师致敬,#3a3a3a,"Programs of remembrance — Yi Wen, Godard, Reiner, Rob Reiner's circle, Ke Jin, Béla Tarr.",致敬过往：易文、戈达尔、罗伯·莱纳一脉，及贝拉·塔尔的全景式回顾。,29,24,tribute-memorial-out-of-africa,OUT OF AFRICA,走出非洲,1985,Sydney Pollack,,161,United States of America,,EN,4K,"Tells the life story of Danish author Karen Blixen, who at the beginning of the 20th century moved to Africa to build a new life for herself. The film is based on her 1937 autobiographical novel.","　　凯伦（梅丽尔·斯特里普 Meryl Streep 饰）是一个爱慕虚荣的富家女，为了得到一个男爵夫人的称号她离开故土丹麦远嫁东非肯尼亚，然而男爵夫人的称号并没有给凯伦带来美满的婚姻生活。幸运的是在那片广袤的土地上，凯伦可以经常外出打猎、探险，她渐渐的爱上了这片神奇的土地。在一次打猎遇险时，凯伦邂逅了年青的英国贵族邓尼斯（罗伯特·雷德福 Robert Redford 饰）。在遭遇婚姻的破裂和丈夫出走之后，凯伦独立承担起经营庄园的任务，在劳动的过程中，凯伦渐渐的与种植园里的仆人们产生了深厚友谊，而她与邓尼斯的关系似乎也有了进展。然尔命运之神并没有从此让凯伦一帆风顺，一次大火让她不得不出卖庄园从而缓解经济的拮据，后来邓尼斯驾机意外身亡又一次给了她沉重的打击。在经历了生命的磨炼之后，凯伦最终告别了那片她洒下青春和热情的土地…… 　　该片在1986年的第58届奥斯卡上荣获了包括最佳影片、最佳导演、最佳改编剧本在内6项大奖。　",https://image.tmdb.org/t/p/w500/6oMKqh08TfxmvnoFR4mm1wZB67P.jpg,tt0089755,https://www.imdb.com/title/tt0089755/,606
7,tribute-memorial,Tribute · In Memoriam,向大师致敬｜特别纪念,In Memoriam,特别纪念,Tribute,向大师致敬,#3a3a3a,"Programs of remembrance — Yi Wen, Godard, Reiner, Rob Reiner's circle, Ke Jin, Béla Tarr.",致敬过往：易文、戈达尔、罗伯·莱纳一脉，及贝拉·塔尔的全景式回顾。,29,25,tribute-memorial-a-river-runs-through-it,A RIVER RUNS THROUGH IT,大河恋,1992,Robert Redford,,123,"United Kingdom, United States of America",,EN,4K,"The Maclean brothers, Paul and Norman, live a relatively idyllic life in rural Montana, spending much of their time fly fishing. The sons of a minister, the boys eventually part company when Norman moves east to attend college, leaving his rebellious brother to find trouble back home. When Norman finally returns, the siblings resume their fishing outings, and assess where they've been and where they're going.",两兄弟经常跟父亲一起钓鱼。潺潺河水，静静午后，成了父子间最难忘的时刻。父亲是一个老牧师，常常在镇上布道，大儿子诺曼正是继承了父亲的事业——他擅长讲课，大学毕业后回到家乡传道授业。小儿子保罗却有着迥异的性格——他热爱自由，有一套奇特的钓鱼方法。然而，令人担心的是他迷上了赌博，并因此欠钱遭打。  诺曼结婚后收到一封芝加哥大学的聘用书，他离家前往芝加哥之前，和父亲、弟弟一同在大河边再次享受钓鱼时光。他劝保罗跟他一起离开这里，然而保罗痴迷钓鱼，不愿离去。怎料，这竟是最后的相聚。,https://image.tmdb.org/t/p/w500/aVP45oS2cBL4WtZ1kB7r8uarruB.jpg,tt0105265,https://www.imdb.com/title/tt0105265/,293
7,tribute-memorial,Tribute · In Memoriam,向大师致敬｜特别纪念,In Memoriam,特别纪念,Tribute,向大师致敬,#3a3a3a,"Programs of remembrance — Yi Wen, Godard, Reiner, Rob Reiner's circle, Ke Jin, Béla Tarr.",致敬过往：易文、戈达尔、罗伯·莱纳一脉，及贝拉·塔尔的全景式回顾。,29,26,tribute-memorial-titicut-follies,TITICUT FOLLIES,提提卡失序记事,1967,Frederick Wiseman,,84,United States of America,,EN,,"A stark and graphic portrayal of the conditions that existed at the State Prison for the Criminally Insane at Bridgewater, Massachusetts, and documents the various ways the inmates are treated by the guards, social workers, and psychiatrists.","　　1967年拍得美国纪实片，片长84分钟，提提卡蠢事 Titicut Follies ，还被翻成《提提卡失序记事》《蒂蒂喀特轻松歌舞剧》 　　这部精神病监狱实录，公开放映之前必须获得狱方主管的批准，因为暴露出太多的阴暗面而通不过狱方的审查。 　　记录了精神病人倍受误解和虐待的可怕时期。导演用手提摄象机营造了亲临地狱的感觉，眼睁睁的看着自己的同类仅是由于别人的误解或自身精神问题而完全丧失做人的基本权利。",https://image.tmdb.org/t/p/w500/hAJOSqWB4FeVV7yi0fRSYFoCwvM.jpg,tt0062374,https://www.imdb.com/title/tt0062374/,41212
7,tribute-memorial,Tribute · In Memoriam,向大师致敬｜特别纪念,In Memoriam,特别纪念,Tribute,向大师致敬,#3a3a3a,"Programs of remembrance — Yi Wen, Godard, Reiner, Rob Reiner's circle, Ke Jin, Béla Tarr.",致敬过往：易文、戈达尔、罗伯·莱纳一脉，及贝拉·塔尔的全景式回顾。,29,27,tribute-memorial-high-school,HIGH SCHOOL,高中,1968,,,,,,,,,,,,https://www.imdb.com/find/?q=HIGH+SCHOOL+1968&s=tt&ttype=ft,
7,tribute-memorial,Tribute · In Memoriam,向大师致敬｜特别纪念,In Memoriam,特别纪念,Tribute,向大师致敬,#3a3a3a,"Programs of remembrance — Yi Wen, Godard, Reiner, Rob Reiner's circle, Ke Jin, Béla Tarr.",致敬过往：易文、戈达尔、罗伯·莱纳一脉，及贝拉·塔尔的全景式回顾。,29,28,tribute-memorial-zoo,ZOO,动物园,1993,,,,,,,,,,,,https://www.imdb.com/find/?q=ZOO+1993&s=tt&ttype=ft,
7,tribute-memorial,Tribute · In Memoriam,向大师致敬｜特别纪念,In Memoriam,特别纪念,Tribute,向大师致敬,#3a3a3a,"Programs of remembrance — Yi Wen, Godard, Reiner, Rob Reiner's circle, Ke Jin, Béla Tarr.",致敬过往：易文、戈达尔、罗伯·莱纳一脉，及贝拉·塔尔的全景式回顾。,29,29,tribute-memorial-menus-plaisirs-les-troisgros,Menus-Plaisirs—Les Troisgros,特鲁瓦格罗餐厅,2023,Frederick Wiseman,,240,United States of America,,EN,,"Founded in 1930, Troisgros has held three Michelin stars for 55 years. The children of the fourth generation, Marie-Pierre and Michel's sons are continuing the family business: César runs the Michelin-starred restaurant, ""Le Bois sans feuilles"" (""The Leafless Wood""), and Léo is in charge of one of the other two Troisgros restaurants, ""La Colline du colombier"" (""The Dovecote Hill""). From the daily market to the cheese maturing cellars, via the vineyard, the cattle farm and the vegetable garden adjacent to the restaurant, Menus-Plaisirs is an intimate, sensory journey through the kitchens of one of the world's most prestigious restaurants.","特鲁瓦格罗家族餐厅在四代传承中已连续55年保持米其林三星荣誉。这部沉浸式纪录片展现后厨人员的艺术造诣、匠心与想象力，记录他们在制作与呈现顶级佳肴过程中的精微实践，同时刻画米歇尔·特鲁瓦格罗将重任逐步移交给儿子塞萨尔的关键时刻。[Zipporah Films, Inc.]",https://image.tmdb.org/t/p/w500/9uauZgPWrD61gb4gMH6tFNPFAbI.jpg,tt28494786,https://www.imdb.com/title/tt28494786/,1077050
8,siff-animation,SIFF Animation,SIFF动画,Animation,动画,Section,单元,#d4a02a,"Hand-drawn, stop-motion, and computer-animated features — for the whole family.",手绘、定格与电脑动画长片——适合全家共赏。,10,1,siff-animation-a-magnificent-life,A MAGNIFICENT LIFE,马塞尔·帕尼奥尔的华丽人生,2025,Sylvain Chomet,西尔万·肖梅,91,France,法国,French,,"Sylvain Chomet animates the life of Marcel Pagnol, novelist and filmmaker of Provence.",西尔万·肖梅以动画讲述普罗旺斯的小说家与电影人马塞尔·帕尼奥尔的一生。,https://image.tmdb.org/t/p/w500/93vxPRNpEbnwmXGOc69zPw9kBvY.jpg,tt13968662,https://www.imdb.com/title/tt13968662/,840873
8,siff-animation,SIFF Animation,SIFF动画,Animation,动画,Section,单元,#d4a02a,"Hand-drawn, stop-motion, and computer-animated features — for the whole family.",手绘、定格与电脑动画长片——适合全家共赏。,10,2,siff-animation-papaya,PAPAYA,木瓜行纪,2026,Priscilla Kellen,,75,Brazil,,PT,,"Passionate about flying, a tiny papaya seed in the Amazonian forest must keep moving to avoid rooting. Through perseverance, she discovers the power of her roots, triggering a revolution that transforms her world and fulfills her dreams in an unexpected way.",,https://image.tmdb.org/t/p/w500/6cEj0lPl4iksYCl8gZgNwsTDrSN.jpg,tt38350704,https://www.imdb.com/title/tt38350704/,1534205
8,siff-animation,SIFF Animation,SIFF动画,Animation,动画,Section,单元,#d4a02a,"Hand-drawn, stop-motion, and computer-animated features — for the whole family.",手绘、定格与电脑动画长片——适合全家共赏。,10,3,siff-animation-heart-of-darkness,HEART OF DARKNESS,黑暗之心,2025,Rogério Nunes,,85,"Brazil, France, Portugal",,PT,,"Rio de Janeiro, near future. Marlow is a police officer assigned to a mission to find Captain Kurtz, a famous policeman who went missing in mysterious circumstances. Marlow has to do his mission in a boat, undertaking a dangerous journey through the outskirts of Rio de Janeiro.",,https://image.tmdb.org/t/p/w500/9d9Y097NfW9qq4WltaTKPXJbhJo.jpg,tt8430196,https://www.imdb.com/title/tt8430196/,588801
8,siff-animation,SIFF Animation,SIFF动画,Animation,动画,Section,单元,#d4a02a,"Hand-drawn, stop-motion, and computer-animated features — for the whole family.",手绘、定格与电脑动画长片——适合全家共赏。,10,4,siff-animation-jumbo,JUMBO,泡泡骑士珍宝,2025,Ryan Adriandhy,,102,Indonesia,,ID,,"Desperate to prove to his peers that he’s more than a chubby kid that never wins at anything, little Don wishes to win his local talent show by performing a stageplay inspired from a storybook written by his late parents. When unfortunately a bully stole that book, at the same time a little ghost appeared from the spirit world asking for Don’s help to reunite her with her parents’ spirits. The two new friends then embark on an exciting adventure to help each other and learn the true meaning of friendship.",东东是与众不同的十岁孤儿，经常因为身材与外貌而遭同学嘲笑与排挤。父母留下的故事书，里面满载神奇的故事与精美插画，成为他心灵的避风港，也点燃他内心的勇气与梦想。正当学校即将举办年度才艺表演，东东决定以故事书中的奇幻故事编排一场舞台剧，希望透过表演赢得大家认同。正当他全心准备时，那本 珍贵的故事书却被一位朋友偷走，让东东深陷绝望当中。所幸奶奶与挚友们始终陪伴左右，给予他无限的力量与支持。低潮中，东东还遇见一位神秘而可爱的小精灵，请他帮忙寻找自己的父母。这场跨越梦境与现实的旅程，不仅带领东东重新认识自己，也教会他如何勇敢面对恐惧与孤独。当舞台灯光亮起，东东能否突破重重困难，展现最真实且勇敢的自己？而那本承载着回忆与梦想的故事书，最终又能否重回他的手中呢？,https://image.tmdb.org/t/p/w500/8Wzkp1jHJda9M8q96tAfFIbQLvB.jpg,tt27433995,https://www.imdb.com/title/tt27433995/,1049082
8,siff-animation,SIFF Animation,SIFF动画,Animation,动画,Section,单元,#d4a02a,"Hand-drawn, stop-motion, and computer-animated features — for the whole family.",手绘、定格与电脑动画长片——适合全家共赏。,10,5,siff-animation-my-life-in-versailles,MY LIFE IN VERSAILLES,我住在凡尔赛的日子,2025,Clémence Madeleine-Perdrillat,,81,France,,FR,,"After her parents’ passing, eight-year-old Violet goes to live with her uncle, Regis, a gruff maintenance worker at the Palace of Versailles. Despite a rocky start, Violet and Regis learn to live and face life’s challenges together. Through complex friendships, first loves and a Christmas trip to Violet’s grandparents, they slowly create a new life rich in discoveries and tender moments in the heart of Versailles.",,https://image.tmdb.org/t/p/w500/wmf7xACQFuOItj3wh01FjdrmdC0.jpg,tt37436610,https://www.imdb.com/title/tt37436610/,1489456
8,siff-animation,SIFF Animation,SIFF动画,Animation,动画,Section,单元,#d4a02a,"Hand-drawn, stop-motion, and computer-animated features — for the whole family.",手绘、定格与电脑动画长片——适合全家共赏。,10,6,siff-animation-lydia-and-the-mist-rider,LYDIA AND THE MIST RIDER,迷雾之海的莉迪亚,2026,Nancy Florence Savard,,80,Canada,,EN,,"When her older brother Thaddeus is mysteriously kidnapped by the Spellbinder, 11-year-old Lydia sets off to find him in the Misty Sea. Picked up by the crew of a flying ship, the Dolphin, Lydia becomes the apprentice of Ambrosia, a Stargazer. Ambrosia is trying to find other children who have disappeared, including her own son. Determined to solve the mystery, Lydia must learn stargazing magic and ready herself to confront the Spellbinder.",,https://image.tmdb.org/t/p/w500/olvbI4J5ikw4u3bW06Iyi9BVHoJ.jpg,tt39196986,https://www.imdb.com/title/tt39196986/,1594694
8,siff-animation,SIFF Animation,SIFF动画,Animation,动画,Section,单元,#d4a02a,"Hand-drawn, stop-motion, and computer-animated features — for the whole family.",手绘、定格与电脑动画长片——适合全家共赏。,10,7,siff-animation-the-land-of-sometimes,THE LAND OF SOMETIMES,幻时之境,2026,—,—,93,—,—,English,,A 2026 family animated feature about a kingdom where almost anything is possible — sometimes.,2026 年的家庭动画长片，讲述一座几乎一切皆可能——但只是有时候——的王国。,https://image.tmdb.org/t/p/w500/uEZAx4Rk42hv8bfrXC9pyQPWErw.jpg,tt3517106,https://www.imdb.com/title/tt3517106/,467914
8,siff-animation,SIFF Animation,SIFF动画,Animation,动画,Section,单元,#d4a02a,"Hand-drawn, stop-motion, and computer-animated features — for the whole family.",手绘、定格与电脑动画长片——适合全家共赏。,10,8,siff-animation-olivia-and-the-invisible-earthquake,OLIVIA AND THE INVISIBLE EARTHQUAKE,奥利维亚与无声震波,2025,Irene Iborra Rizo,,70,"Argentina, Belgium, Spain, France",,CA,,"Olivia, a 12-year-old middle class girl, is forced to reorganize her basic needs when her family (mother, little brother and herself) is evicted and forced to live in a squatted apartment on the edge of the big city, in a rough neighborhood. Her mother can no longer bear the situation and falls in a depression, so Olivia has to replace her. It means caring for her brother and her own mother, while dealing with the feeling of an emotional earthquake. But she is not alone, Olivia will make friends that will help her to see her own life from other points of view. Because things don’t always happen the way we want, but we can choose the way we live them.",,https://image.tmdb.org/t/p/w500/zdCOH6JJcKU4GizjTmNnePCtWuV.jpg,tt27757752,https://www.imdb.com/title/tt27757752/,676679
8,siff-animation,SIFF Animation,SIFF动画,Animation,动画,Section,单元,#d4a02a,"Hand-drawn, stop-motion, and computer-animated features — for the whole family.",手绘、定格与电脑动画长片——适合全家共赏。,10,9,siff-animation-mary-anning,MARY ANNING,玛丽·安宁：化石猎人,2025,Marcel Barelli,,70,"Switzerland, Belgium",,FR,,"England, 19th century. 12-year-old Mary is passionate about the fossils that she collects and sells with her father. When he accidentally dies near the fossil cliffs, Mary, her brother and her mother struggle to make the payments for the family house, meaning they will probably have to leave the seaside that Maëlys loves so much. But her father left a mysterious message: what was it that he saw on the cliffs before he died? With some help from her friends, Mary will fight to save her home and continue to do what she loves, searching for fossils, in the midst of a society where girls should not ​“behave like men”. Mary doesn’t know it yet, but she’s going to go down in history…",1811年，少女玛丽·安宁终日搜寻化石。父亲骤然失踪，唯余神秘绘卷与困顿的家。她将发现的远不止化石——更遇友谊与冒险，见证古生物学初萌的微光。,https://image.tmdb.org/t/p/w500/iTTSG2j43ynxElwINKsRUHuKPNO.jpg,tt36639995,https://www.imdb.com/title/tt36639995/,947520
8,siff-animation,SIFF Animation,SIFF动画,Animation,动画,Section,单元,#d4a02a,"Hand-drawn, stop-motion, and computer-animated features — for the whole family.",手绘、定格与电脑动画长片——适合全家共赏。,10,10,siff-animation-the-legendaries,THE LEGENDARIES,传奇小队,2026,Guillaume Ivernel,,90,"Belgium, France",,FR,,"They are brave, intrepid, indomitable, and they turned back to children! While fighting the terrible sorcerer Darkhell, the official heros of Alysia: The Legendaries accidentally broke the Jovenia stone, the one of eternal youth. This is how the whole kingdom of Alysia, and especially our champions, has fallen back into childhood. No more birth, but people keep on dying of accident or sickness… Humanity is then doomed to extinction. A real curse! And quite a blow to the myth of ""The Legendaries"". The five warriors, formerly admired, have now to lie low… Today blamed and discredited, they are well decided to break the spell and fix their mistake. ""Nothing is impossible for a willing heart""… Even at 10!",,https://image.tmdb.org/t/p/w500/h1FVf2kiS1964VsGmkYQHJoVsHe.jpg,tt35659725,https://www.imdb.com/title/tt35659725/,677561
9,jury-films,Jury President & Jurors' Films,评委主席及评委作品展,Jury Films,评委作品,Section,单元,#5a3aa6,Selected works from this year's Golden Goblet jury — the films behind the verdicts.,本届金爵奖评委会成员的代表作选映——评审席背后的电影。,15,1,jury-films-ilo-ilo,ILO ILO,爸妈不在家,2013,Anthony Chen,,100,"Singapore, France",,ZH,,"During the late 1990s, a busy working-class Singaporean couple hires a Filipino woman as a maid and nanny to their young son.",影片背景设定于1997年亚洲金融危机期间的新加坡，讲述了林家的日常故事——麻烦不断的小学生家乐与他压力重重的父母，阿德与怀玲。这个生活安稳的中产家庭即将迎来新生命，为此雇佣了菲律宾移民特丽莎作为住家女佣和保姆。无论是在这个家庭还是在新加坡社会，特丽莎都是一个局外人。她起初疲于应付家乐的调皮捣蛋，也难以在新环境中找到归属。两人最终建立起独特的情感纽带，然而就在特丽莎悄然成为这个家庭一部分时，经济动荡下的意外变故将再次挑战刚刚建立的新常态。[Film Movement],https://image.tmdb.org/t/p/w500/AfVMrZHiZQW8ONm6Rok3afvHbXB.jpg,tt2901736,https://www.imdb.com/title/tt2901736/,188598
9,jury-films,Jury President & Jurors' Films,评委主席及评委作品展,Jury Films,评委作品,Section,单元,#5a3aa6,Selected works from this year's Golden Goblet jury — the films behind the verdicts.,本届金爵奖评委会成员的代表作选映——评审席背后的电影。,15,2,jury-films-wet-season,WET SEASON,热带雨,2019,Anthony Chen,,103,"China, Singapore, Taiwan",,ZH,,"Wet Season revolves around the life of Ling, a schoolteacher who deals with infertility while having to take care of her infirm father-in-law at home. One of Ling's students, Kok Wei Lun, develops a crush on her during remedial Chinese classes. The two become closer as Wei Lun embraces Ling's extra tutoring.",从马来西亚移居新加坡的中文老师阿玲(杨雁雁 饰)结婚数年仍无法生育，与丈夫(李铭顺 饰)的关系日趋冷淡。新加坡教育体制对中文课缺乏重视，让她在事业上更感沮丧。南国雨季，玲和自己学生(许家乐 饰)氤氲出一段特殊的感情。亚洲新锐导演陈哲艺的第二部导演作品，延续第一部长片《爸妈不在家》对女性在社会中身分认同的讨论，刻画一个迈入40 岁、迫切想要孩子的女性她的傍徨与痛苦、坚韧与坚持。,https://image.tmdb.org/t/p/w500/iyqqHPkF7EoNGlqDJ2aDchRxfnq.jpg,tt9822706,https://www.imdb.com/title/tt9822706/,584242
9,jury-films,Jury President & Jurors' Films,评委主席及评委作品展,Jury Films,评委作品,Section,单元,#5a3aa6,Selected works from this year's Golden Goblet jury — the films behind the verdicts.,本届金爵奖评委会成员的代表作选映——评审席背后的电影。,15,3,jury-films-we-are-all-strangers,WE ARE ALL STRANGERS,我们不是陌生人,2026,Anthony Chen,,157,"Singapore, Australia",,ZH,,"A life-altering event forces 21-year-old Junyang and his girlfriend to face reality. At the same time, while Junyang’s father is struggling to hold their modest life together, a woman enters his life and both generations are forced to redefine their family.",,https://image.tmdb.org/t/p/w500/aFs5h73L9BS4Q4UItDhWC5sw4Z9.jpg,tt13848364,https://www.imdb.com/title/tt13848364/,884692
9,jury-films,Jury President & Jurors' Films,评委主席及评委作品展,Jury Films,评委作品,Section,单元,#5a3aa6,Selected works from this year's Golden Goblet jury — the films behind the verdicts.,本届金爵奖评委会成员的代表作选映——评审席背后的电影。,15,4,jury-films-yuni,YUNI,尤妮的婚途,2021,Kamila Andini,,95,"France, Indonesia, Singapore",,ID,,"In her last year of secondary school, a bright Indonesian student is determined to pursue her education and resist getting married, despite the expectations of her community.",尤妮是一个印度尼西亚少女，她意识到当她的梦想变大时，她周围的世界就会变小。她即将完成高中学业，有一个远大的梦想，她认为一切都是可能的。然后有一天她被一个她几乎不认识的男人求婚了。她拒绝了这个建议，但第二个建议来了。尤尼仍然相信她的梦想，家人也是。但是这次出了点事。一个神话，关于你不能拒绝两个以上的建议；否则你永远不会结婚。直到有一天，她的老师来到她家，成为向她求婚的第三个人。,https://image.tmdb.org/t/p/w500/2NY6jrjneH6qgGCVPdcqcH9NpyN.jpg,tt13834788,https://www.imdb.com/title/tt13834788/,796158
9,jury-films,Jury President & Jurors' Films,评委主席及评委作品展,Jury Films,评委作品,Section,单元,#5a3aa6,Selected works from this year's Golden Goblet jury — the films behind the verdicts.,本届金爵奖评委会成员的代表作选映——评审席背后的电影。,15,5,jury-films-evacuation,EVACUATION,疏散,2025,Farkhat Sharipov,,83,Kazakhstan,,RU,,"The film focuses on the evacuation of people from the regions of the USSR at risk of Nazi occupation to the eastern parts of the country. At the time Kazakhstan received around 1.5 million people and it is still the home for many of them. Two protagonists – Natalia and her daughter Galya – move east with the rest of the evacuees. In the chaos at one of the railway stations, Natalia loses sight of her daughter and goes to look for her in Almaty, which is overcrowded with evacuees.",,https://image.tmdb.org/t/p/w500/rYfcI5cfDAQoGHITxACc3hAc8N.jpg,,https://www.imdb.com/find/?q=EVACUATION+2025&s=tt&ttype=ft,1462518
9,jury-films,Jury President & Jurors' Films,评委主席及评委作品展,Jury Films,评委作品,Section,单元,#5a3aa6,Selected works from this year's Golden Goblet jury — the films behind the verdicts.,本届金爵奖评委会成员的代表作选映——评审席背后的电影。,15,6,jury-films-all-ears,ALL EARS,不虚此行,2023,Liu Jiayin,,119,China,,ZH,,"Wen Shan is a mediocre screenwriter struggling to make a living in Beijing. Commercial projects are left undone, and his own stories fall by the wayside. He lives a stagnant life in a fast growing city. By chance, he begins to write eulogies for a living. He meets the families of the deceased, carefully observes, listens to the stories, and at last, puts pen to paper. As he restores the lives of others, he finds his own place in the city and finally realizes that ordinary people can take the center stage too.",人这一生怎样才算不虚此行？闻善在平衡自己与世界的关系中寻找着答案。他是一个“掉队”的普通编剧，一次偶然的机会让他改以撰写悼词为生。在与各色普通人的相遇里，闻善慰藉他人、也获得了温暖，最终找到了自己的人生方向。,https://image.tmdb.org/t/p/w500/trTG5CH0RlsDtyuC0nTPLjn4DzU.jpg,tt18884518,https://www.imdb.com/title/tt18884518/,1077297
9,jury-films,Jury President & Jurors' Films,评委主席及评委作品展,Jury Films,评委作品,Section,单元,#5a3aa6,Selected works from this year's Golden Goblet jury — the films behind the verdicts.,本届金爵奖评委会成员的代表作选映——评审席背后的电影。,15,7,jury-films-a-shaun-the-sheep-movie-farmageddon,A SHAUN THE SHEEP MOVIE: FARMAGEDDON,小羊肖恩2：末日农场,2019,Will Becher,,87,"France, United Kingdom",,EN,,"When an alien with amazing powers crash-lands near Mossy Bottom Farm, Shaun the Sheep goes on a mission to shepherd the intergalactic visitor home before a sinister organization can capture her.",　　宁静祥和的农场里，小羊肖恩和伙伴们大开脑洞，做着各种挑战生命极限的游戏。这可气坏了牧羊犬，他接二连三制定禁令，防止羊们兴风作浪。肖恩哪能随便被人摆布？他想出鬼点子，通过电话订购了披萨，谁知却引来了一个始料未及的不速之客。来者是一个名叫噜啦的外星宝宝。虽然语言不通，但通过肢体语言，肖恩终于弄清噜啦想要找到飞船回到自己的家乡。经过一番缜密的策划，肖恩终于和这个新朋友踏上寻找飞船的征途。与此同时，不明飞行物的造访在小镇引起轰动，同时也惊动了一个专门追寻外星生物的政府机构。 本来一波三折的寻找飞船之旅，如今又加入了气势汹汹的对手，肖恩他们将面临前所未有的考验……,https://image.tmdb.org/t/p/w500/p08FoXVFgcRm5QZBaGj0VKa2W2Y.jpg,tt6193408,https://www.imdb.com/title/tt6193408/,422803
9,jury-films,Jury President & Jurors' Films,评委主席及评委作品展,Jury Films,评委作品,Section,单元,#5a3aa6,Selected works from this year's Golden Goblet jury — the films behind the verdicts.,本届金爵奖评委会成员的代表作选映——评审席背后的电影。,15,8,jury-films-orange,ORANGE,橙,2002,Jake Kasdan,,82,United States of America,,EN,,"Shaun Brumder is a local surfer kid from Orange County who dreams of going to Stanford to become a writer and to get away from his dysfunctional family household. Except Shaun runs into one complication after another, starting when his application is rejected after his dim-witted guidance counselor sends in the wrong form.",肖恩是个普普通通的高中生，他的家在风景迷人的橘子郡。他酷爱冲浪，还有一帮伙伴追随着他，过着无忧无虑的生活。但是有一天，当肖恩亲眼目睹了自己的一个同伴在冲浪中发生事故后，这一切发生了变化。 　　肖恩原来的世界观被彻底动摇了，他开始重新评价周围的事物；恰恰在这时，他在一片熟悉的沙地里无意中挖出了一本马库斯·斯金纳的小说《整齐的夹克》。也许这本小说真的是上天为肖恩准备的，在反复阅读了好几遍之后，肖恩打算以冲浪为业的理想发生了180度的改变：他决定要成为一名作家……,https://image.tmdb.org/t/p/w500/lmLcncTWV78v91tKBmI5ytjKvOc.jpg,tt0273923,https://www.imdb.com/title/tt0273923/,11857
9,jury-films,Jury President & Jurors' Films,评委主席及评委作品展,Jury Films,评委作品,Section,单元,#5a3aa6,Selected works from this year's Golden Goblet jury — the films behind the verdicts.,本届金爵奖评委会成员的代表作选映——评审席背后的电影。,15,9,jury-films-printed-rainbow,PRINTED RAINBOW,印刷的彩虹,2006,Gitanjali Rao,,15,India,,XX,,A matchbox collection unites a lonely woman and her cat.,,https://image.tmdb.org/t/p/w500/8lTljxOF00OzkcEoM6Q7FhlNgD1.jpg,tt0938780,https://www.imdb.com/title/tt0938780/,267523
9,jury-films,Jury President & Jurors' Films,评委主席及评委作品展,Jury Films,评委作品,Section,单元,#5a3aa6,Selected works from this year's Golden Goblet jury — the films behind the verdicts.,本届金爵奖评委会成员的代表作选映——评审席背后的电影。,15,10,jury-films-chai,CHAI,茶,2013,,,,,,,,,,,,https://www.imdb.com/find/?q=CHAI+2013&s=tt&ttype=ft,
9,jury-films,Jury President & Jurors' Films,评委主席及评委作品展,Jury Films,评委作品,Section,单元,#5a3aa6,Selected works from this year's Golden Goblet jury — the films behind the verdicts.,本届金爵奖评委会成员的代表作选映——评审席背后的电影。,15,11,jury-films-true-love-story,TRUE LOVE STORY,真爱故事,2014,Gitanjali Rao,,19,India,,XX,,"Set in the streets of Bombay, TrueLoveStory is a tale of what happens to the love of 17-year-old Salim and Kamala when the Ultimate Bollywood Fantasy is applied in reality.",,https://image.tmdb.org/t/p/w500/x1GQ6OdODVFNXqNXyIZtQj6UN99.jpg,tt3479062,https://www.imdb.com/title/tt3479062/,738577
9,jury-films,Jury President & Jurors' Films,评委主席及评委作品展,Jury Films,评委作品,Section,单元,#5a3aa6,Selected works from this year's Golden Goblet jury — the films behind the verdicts.,本届金爵奖评委会成员的代表作选映——评审席背后的电影。,15,12,jury-films-rewa-bombay-rose-song,REWA: BOMBAY ROSE SONG,孟买玫瑰之歌,2019,,,,,,,,,,,,https://www.imdb.com/find/?q=REWA%3A+BOMBAY+ROSE+SONG+2019&s=tt&ttype=ft,
9,jury-films,Jury President & Jurors' Films,评委主席及评委作品展,Jury Films,评委作品,Section,单元,#5a3aa6,Selected works from this year's Golden Goblet jury — the films behind the verdicts.,本届金爵奖评委会成员的代表作选映——评审席背后的电影。,15,13,jury-films-umar-and-the-wick-of-grime,UMAR AND THE WICK OF GRIME,乌马尔与邮局之灯,2020,,,,,,,,,,,,https://www.imdb.com/find/?q=UMAR+AND+THE+WICK+OF+GRIME+2020&s=tt&ttype=ft,
9,jury-films,Jury President & Jurors' Films,评委主席及评委作品展,Jury Films,评委作品,Section,单元,#5a3aa6,Selected works from this year's Golden Goblet jury — the films behind the verdicts.,本届金爵奖评委会成员的代表作选映——评审席背后的电影。,15,14,jury-films-tomorrow-my-love,TOMORROW MY LOVE,明天，我的爱,2021,Gitanjali Rao,,5,India,,XX,,"An old man must find a way to make his loved one’s time in the hospital less dreary. Unable to hold hands, during the pandemic only memories, music and a cat bring them together. Tomorrow My Love is a ballad about touching the heart without being able to touch.",,https://image.tmdb.org/t/p/w500/ggMclXemPY3tlClntiI1XXJe5gA.jpg,tt15077900,https://www.imdb.com/title/tt15077900/,852197
9,jury-films,Jury President & Jurors' Films,评委主席及评委作品展,Jury Films,评委作品,Section,单元,#5a3aa6,Selected works from this year's Golden Goblet jury — the films behind the verdicts.,本届金爵奖评委会成员的代表作选映——评审席背后的电影。,15,15,jury-films-nobody,NOBODY,浪浪山小妖怪,2025,Timo Tjahjanto,,89,United States of America,,EN,,"Former assassin Hutch Mansell takes his family on a nostalgic vacation to a small-town theme park, only to be pulled back into violence when they clash with a corrupt operator, a crooked sheriff, and a ruthless crime boss.",昔日“小人物”哈奇携妻小赴偏远小镇度假，却被恶警与黑帮围剿。枪火惊梦，全家被迫联手反击。在枪火与尖叫交织的旋转木马上，哈奇终于明白：真正的“退休”不是金盆洗手，而是让家人活下来的那一刻。,https://image.tmdb.org/t/p/w500/svXVRoRSu6zzFtCzkRsjZS7Lqpd.jpg,tt28996126,https://www.imdb.com/title/tt28996126/,1007734
10,screen-resonance,Screen Resonance,银幕意蕴,Screen Resonance,银幕意蕴,Section,单元,#3a6a5a,A curated panorama of 2025 features carrying their own slow weight.,策展精选的 2025 年长片——各自承载缓慢、厚重的分量。,8,1,screen-resonance-keep-me-in-mind,KEEP ME IN MIND,请记得我,2025,Alexander King,,20,United States of America,,EN,,"In an alternate universe, Jada continues her relationship with her deceased boyfriend.",,https://image.tmdb.org/t/p/w500/e6gUMJHy1qBDDjD7znXjo12ObvQ.jpg,,https://www.imdb.com/find/?q=KEEP+ME+IN+MIND+2025&s=tt&ttype=ft,1087191
10,screen-resonance,Screen Resonance,银幕意蕴,Screen Resonance,银幕意蕴,Section,单元,#3a6a5a,A curated panorama of 2025 features carrying their own slow weight.,策展精选的 2025 年长片——各自承载缓慢、厚重的分量。,8,2,screen-resonance-classmates,CLASSMATES,明天提问,2025,Toni Cahunek,,89,"Slovenia, Serbia",,SL,,"The Slovenian economy relies on workers from Kosovo, but how can the education system support their children? The documentary follows the journey of four Albanian-speaking children from Kosovo as they navigate the Slovenian school system.",,https://image.tmdb.org/t/p/w500/zCoPkazQjv81bOI2805JfXWwrkP.jpg,tt35488178,https://www.imdb.com/title/tt35488178/,1438338
10,screen-resonance,Screen Resonance,银幕意蕴,Screen Resonance,银幕意蕴,Section,单元,#3a6a5a,A curated panorama of 2025 features carrying their own slow weight.,策展精选的 2025 年长片——各自承载缓慢、厚重的分量。,8,3,screen-resonance-the-holy-boy,THE HOLY BOY,微笑村恐怖事件,2025,Paolo Strippoli,,122,"Italy, Slovenia",,IT,,"A PE teacher moves to a isolated mountain village where the people appear to live in unshakeable serenity, but soon stumbles across a disturbing ritual. Once a week, the locals are freed of their pain by a lonely boy born with the power to heal one's soul just by hugging them. Trying to rescue him from this madness, the man unleashes his dark side.",带着过往伤痛，塞吉欧只身一人前往「微笑之村」担任代理教师。这座对负能量零容忍的小镇，明明曾遭逢巨变，居民们却笑口常开。原来，让这座微笑之村风光明媚的秘方，是一位能吸取人间苦痛的男孩，他的身体如祭坛，透过拥抱承担全村的悲伤。他为人搭建快乐天堂，自己却陷入无尽黑暗。塞吉欧与男孩的相遇，搅乱了镇上的平衡；那座炼狱之门，也终将反向人间敞开。,https://image.tmdb.org/t/p/w500/2jpKQ6xhcxaNXOUDeQpyHNUcWr1.jpg,tt33382323,https://www.imdb.com/title/tt33382323/,1092936
10,screen-resonance,Screen Resonance,银幕意蕴,Screen Resonance,银幕意蕴,Section,单元,#3a6a5a,A curated panorama of 2025 features carrying their own slow weight.,策展精选的 2025 年长片——各自承载缓慢、厚重的分量。,8,4,screen-resonance-sweetheart,SWEETHEART,我的喜悦夏天,2025,Margherita Spampinato,,90,Italy,,IT,,"A reluctant summer together transforms into an enchanting adventure when a young boy discovers his aunt's mysterious Sicilian house holds secrets and, perhaps, ancient spirits lurking within its walls.",一个男孩和一位老妇人被迫一起度过一个夏天。这是现代与传统、快速与缓慢之间的碰撞。这是一个充满恐惧和发现的夏天，但同样也有冒险、里程碑和失落——一个过后一切都将不再相同的夏天。,https://image.tmdb.org/t/p/w500/7N4QlTDnw0NfF9B6kKfG1O9zU35.jpg,tt36454256,https://www.imdb.com/title/tt36454256/,1510325
10,screen-resonance,Screen Resonance,银幕意蕴,Screen Resonance,银幕意蕴,Section,单元,#3a6a5a,A curated panorama of 2025 features carrying their own slow weight.,策展精选的 2025 年长片——各自承载缓慢、厚重的分量。,8,5,screen-resonance-primavera,PRIMAVERA,春,2025,Damiano Michieletto,,111,"France, Italy",,IT,,"In 18th-century Venice, 20-year-old violin virtuoso Cecilia lives at the Pièta orphanage, where, despite her talent, she remains confined, knowing that marriage is the only way out. Yet, her life takes a turn after she meets Antonio Vivaldi, a brilliant and ambitious composer who becomes the new violin teacher. Guided by Vivaldi and his music, Cecilia finds the strength to challenge the destiny that once seemed inevitable.",18世纪的威尼斯，皮耶塔孤儿院里，小提琴天才塞西莉亚被困在命运的囚笼中，婚姻是她唯一的出路。直到新的音乐老师安东尼奥·维瓦尔第到来，这位充满野心的作曲家，以音乐为钥匙，为她打开了一扇全新的大门。在维瓦尔第的指导下，塞西莉亚在音符中找到力量，开始挣脱时代与身份的束缚，踏上追寻音乐梦想的道路。,https://image.tmdb.org/t/p/w500/6Giqb3a9ITCKhlkNeWtfzGWOxU0.jpg,tt33586629,https://www.imdb.com/title/tt33586629/,1365683
10,screen-resonance,Screen Resonance,银幕意蕴,Screen Resonance,银幕意蕴,Section,单元,#3a6a5a,A curated panorama of 2025 features carrying their own slow weight.,策展精选的 2025 年长片——各自承载缓慢、厚重的分量。,8,6,screen-resonance-anna-magnani-the-untold-story,ANNA MAGNANI - THE UNTOLD STORY,安娜·玛尼亚尼的传奇人生,2025,Monica Guerritore,,110,Italy,,IT,,"On March 21, 1956, Anna Magnani wins the Academy Award for Best Actress. She spends the night waiting for the news wandering the streets of Rome. However, an unpredictable turn of fate pushes her aside at the moment of her greatest splendor, showing her human side and the world that surrounds her. Above everything is Roberto Rossellini, ""an imprint in the heart that lives on even when time has erased everything else.""",,https://image.tmdb.org/t/p/w500/6P0pmiLEnf5TI4SQ4aYNRLFO8ky.jpg,tt36911433,https://www.imdb.com/title/tt36911433/,1184418
10,screen-resonance,Screen Resonance,银幕意蕴,Screen Resonance,银幕意蕴,Section,单元,#3a6a5a,A curated panorama of 2025 features carrying their own slow weight.,策展精选的 2025 年长片——各自承载缓慢、厚重的分量。,8,7,screen-resonance-one-year-of-school,ONE YEAR OF SCHOOL,我们的最后一年,2025,Laura Samani,,102,"Italy, France",,IT,,"2007. Fred, a 17-year-old girl who just moved from Sweden to Northeast Italy, enrolls for her high school senior year—finding herself the only female student in an all-male class. Lively and good-looking, she quickly becomes the center of attention, especially for three classmates: Antero, charming and reserved; Pasini, a cocky womanizer; Mitis, gruff and sagacious. The three have been best friends for as long as they can remember, but Fred's arrival puts their longstanding bond to the test. As each of the guys secretly desires Fred for himself, she yearns to be accepted into the group and be considered 'one of them', but is asked to sacrifice more and more in order to belong.",男子高中毕业班的最后一年，瑞典女孩弗雷德的到来颠覆了安特罗、帕西尼与米蒂斯三人的友谊。她活泼勇敢的姿态点燃了少年们的爱慕之心，让这段情谊面临严峻考验。,https://image.tmdb.org/t/p/w500/p1Fd8cIp0rfqfmlb66ydZADsJP.jpg,tt31778123,https://www.imdb.com/title/tt31778123/,1442922
10,screen-resonance,Screen Resonance,银幕意蕴,Screen Resonance,银幕意蕴,Section,单元,#3a6a5a,A curated panorama of 2025 features carrying their own slow weight.,策展精选的 2025 年长片——各自承载缓慢、厚重的分量。,8,8,screen-resonance-three-goodbyes,THREE GOODBYES,三声再见,2025,Isabel Coixet,,122,"Italy, Spain",,IT,,"Marta, who after her breakup, reacts by withdrawing into herself. When she loses her love she loses her appetite, too, but soon enough, she discovers that this has more to do with her own health than the pain of separation. Now, everything changes: the taste of food, the music, the desire, the certainty of the choices that were made.",岁月无声，平淡如水。因小事吵闹令多年恋情告终，她复要面对身体突如其来的噩耗。有恨无人省，心底的哀伤、焦虑与寂寞，只能独对在街角检拾回来的纸板韩星，轻声倾诉。夕阳余晖，仿佛骤然点亮了寻常忽略的景致，令她重新感悟人间的和煦。西班牙导演伊莎贝拉库谢以优雅与温柔，将小说家麦可娜·穆尔嘉的遗作化为翩翩光影，凝留于艾芭诺宜娃查倩影丽容，是一阕寛怀的生命诗篇；在最后的时光，与人生、与凡尘好好告别，让放下自在的微光，温润世上所爱之人。,https://image.tmdb.org/t/p/w500/xveTFM80yTfN1lYQibdqQE0Kc8C.jpg,tt35705184,https://www.imdb.com/title/tt35705184/,1433339
11,harry-potter-25,Film Series · 25 Years of Magic: Harry Potter,系列电影｜魔法闪耀25周年,Harry Potter 25,魔法闪耀,Series,系列电影,#6a4a8a,"A quarter-century of the Wizarding World, back on the big screen.",魔法世界25周年——重返大银幕。,11,1,harry-potter-25-harry-potter-and-the-sorcerer-s-stone,HARRY POTTER AND THE SORCERER'S STONE,哈利·波特与魔法石,2001,Chris Columbus,,152,"United Kingdom, United States of America",,EN,,"Harry Potter has lived under the stairs at his aunt and uncle's house his whole life. But on his 11th birthday, he learns he's a powerful wizard—with a place waiting for him at the Hogwarts School of Witchcraft and Wizardry. As he learns to harness his newfound powers with the help of the school's kindly headmaster, Harry uncovers the truth about his parents' deaths—and about the villain who's to blame.",哈利·波特是一个孤儿，从小寄养在姨妈家，受尽欺凌。但就在哈利11岁生日的时候，他意外收到了霍格沃茨学院的入学通知书。哈利从该学院派来接他的巨人海格口中得知，这是一间魔法学院，并得知了自己的身世，原来哈利的父母都是伟大的魔法师，在对付伏地魔的战斗中双双献身，唯有哈利幸免于难。哈利进入霍格沃茨后，表现出了超乎想象的飞行天赋，得到麦格教授的推荐进入了格兰芬多的魁地奇球队。另一方面，哈利发现霍格沃茨学院内有一股黑暗势力似乎在暗暗滋长，揭开谜团的关键就在有凶恶的三头犬守护的房间内。哈利、罗恩和赫敏三个好朋友决定探个究竟。,https://image.tmdb.org/t/p/w500/wuMc08IPKEatf9rnMNXvIDxqP4W.jpg,tt0241527,https://www.imdb.com/title/tt0241527/,671
11,harry-potter-25,Film Series · 25 Years of Magic: Harry Potter,系列电影｜魔法闪耀25周年,Harry Potter 25,魔法闪耀,Series,系列电影,#6a4a8a,"A quarter-century of the Wizarding World, back on the big screen.",魔法世界25周年——重返大银幕。,11,2,harry-potter-25-harry-potter-and-the-chamber-of-secrets,HARRY POTTER AND THE CHAMBER OF SECRETS,哈利·波特与密室,2002,Chris Columbus,,161,"United Kingdom, United States of America, Germany",,EN,,"Cars fly, trees fight back, and a mysterious house-elf comes to warn Harry Potter at the start of his second year at Hogwarts. Adventure and danger await when bloody writing on a wall announces: The Chamber Of Secrets Has Been Opened. To save Hogwarts will require all of Harry, Ron and Hermione's magical abilities and courage.",哈利·波特结束了假期，即将回到霍格沃兹继续学习魔法。然而一个叫多比的家养小精灵出现警告哈利不要回到霍格沃兹，否则会陷入极大的危险。哈利没有听从多比的劝告，回到了霍格沃兹。很快，霍格沃兹发生了一连窜怪事：接二连三出现学生被石化，一直找不出原因。而哈利总能听到一种奇怪的声音，从墙壁里传出来。传说，霍格沃兹有一个密室，里面记录着伏地魔年轻时的秘密，只有斯莱特林的继承人才能打开密室。哈利偶然发现自己能听懂蛇说话，一时传闻是哈利打开了密室。难道多比所指的危险就隐藏在密室？,https://image.tmdb.org/t/p/w500/sdEOH0992YZ0QSxgXNIGLq1ToUi.jpg,tt0295297,https://www.imdb.com/title/tt0295297/,672
11,harry-potter-25,Film Series · 25 Years of Magic: Harry Potter,系列电影｜魔法闪耀25周年,Harry Potter 25,魔法闪耀,Series,系列电影,#6a4a8a,"A quarter-century of the Wizarding World, back on the big screen.",魔法世界25周年——重返大银幕。,11,3,harry-potter-25-harry-potter-and-the-prisoner-of-azkaban,HARRY POTTER AND THE PRISONER OF AZKABAN,哈利·波特与阿兹卡班的囚徒,2004,Alfonso Cuarón,,141,"United Kingdom, United States of America",,EN,,Harry Potter's life is in danger once more as dangerous wizard Sirius Black has escaped from Azkaban Prison and is heading to Hogwarts.,在本片中，哈利、罗恩与赫敏已成长为少年，返回霍格沃茨魔法学校开启第三年的学习。这一年，他们被迫直面越狱逃跑的囚犯小天狼星布莱克——一个对哈利构成巨大威胁的人。哈利和他的朋友们在这一年里学习如何驯服半马半鹰的鹰头马身有翼兽、击退会变形的博格特，并掌握占卜学的技艺。他们还造访了巫师村落霍格莫德村，以及号称全英最阴森的尖叫棚屋。除了这些新奇的体验，哈利还必须战胜吸食灵魂的摄魂怪的威胁，智斗危险的狼人，并最终弄清小天狼星布莱克与他自己以及他父母之间的真相。在与挚友的并肩作战中，哈利掌握了高深的魔法，跨越了时间的界限，从而改变了不止一个人的命运。[华纳兄弟],https://image.tmdb.org/t/p/w500/aWxwnYoe8p2d2fcxOqtvAtJ72Rw.jpg,tt0304141,https://www.imdb.com/title/tt0304141/,673
11,harry-potter-25,Film Series · 25 Years of Magic: Harry Potter,系列电影｜魔法闪耀25周年,Harry Potter 25,魔法闪耀,Series,系列电影,#6a4a8a,"A quarter-century of the Wizarding World, back on the big screen.",魔法世界25周年——重返大银幕。,11,4,harry-potter-25-harry-potter-and-the-goblet-of-fire,HARRY POTTER AND THE GOBLET OF FIRE,哈利·波特与火焰杯,2005,Mike Newell,,157,"United Kingdom, United States of America",,EN,,"When his name emerges from the Goblet of Fire, Harry Potter becomes a competitor in a grueling battle for glory among three wizarding schools. Signs of Voldemort's return emerge as Harry's friends help him prepare for the Triwizard Tournament.",哈利和他的朋友们回归该系列的第四部。,https://image.tmdb.org/t/p/w500/fECBtHlr0RB3foNHDiCBXeg9Bv9.jpg,tt0330373,https://www.imdb.com/title/tt0330373/,674
11,harry-potter-25,Film Series · 25 Years of Magic: Harry Potter,系列电影｜魔法闪耀25周年,Harry Potter 25,魔法闪耀,Series,系列电影,#6a4a8a,"A quarter-century of the Wizarding World, back on the big screen.",魔法世界25周年——重返大银幕。,11,5,harry-potter-25-harry-potter-and-the-order-of-the-phoenix,HARRY POTTER AND THE ORDER OF THE PHOENIX,哈利·波特与凤凰社,2007,David Yates,,138,"United Kingdom, United States of America",,EN,,"When a new professor's methods leave Hogwarts unprepared to fight the rising tide of evil, Harry teaches students how to defend against the dark arts.",逃过摄魂怪的追杀，通过魔法部的审查，哈利终于回到美丽的霍格沃兹。然而这个学期并不轻松，他不仅要完成魔法等级考试，还要应对夜晚的噩梦和黑魔法防御课老师乌姆里奇的打压。在好友的支持下，哈利秘密组建了邓不利多军团，与大家一起练习黑魔法防御术。噩梦中，哈利总是以伏地魔的视角出现，似乎他们之间有着某种神秘的联系。在邓不利多的指示下，哈利向斯内普教授学习大脑封闭术，却鲜有成效。终于在一次噩梦的诱使下，哈利偏执的赶往魔法部营救小天狼星，却不想陷入伏地魔的圈套，引发凤凰社与食死徒之间的正面冲突。在混战中，小天狼星不幸遇难。究竟哈利与伏地魔之间有着怎样的联系？在悲恸中，邓不利多为哈利揭开谜底，哈利还有更长、更艰难的路要走……,https://image.tmdb.org/t/p/w500/5aOyriWkPec0zUDxmHFP9qMmBaj.jpg,tt0373889,https://www.imdb.com/title/tt0373889/,675
11,harry-potter-25,Film Series · 25 Years of Magic: Harry Potter,系列电影｜魔法闪耀25周年,Harry Potter 25,魔法闪耀,Series,系列电影,#6a4a8a,"A quarter-century of the Wizarding World, back on the big screen.",魔法世界25周年——重返大银幕。,11,6,harry-potter-25-harry-potter-and-the-half-blood-prince,HARRY POTTER AND THE HALF-BLOOD PRINCE,哈利·波特与混血王子,2009,David Yates,,153,"United Kingdom, United States of America",,EN,,Dumbledore tries to prepare Harry for the final battle with Voldemort while Death Eaters wreak havoc in both Muggle and Wizard worlds.,食死徒开始肆无忌惮横行于麻瓜和魔法两个世界中，霍格沃茨内忧外患，危机重重。邓不利多带着哈利辗转找到隐居多年的霍拉斯·斯拉格霍恩，请他出山接替斯内普担任魔药学的老师。霍拉斯曾经教授过无数优秀的学生，而汤姆·里德尔——伏地魔正是他最出色的一名弟子。邓不利多深信霍拉斯保有伏地魔不死身的秘密，他希望哈利能够说服霍拉斯交出秘密。另一方面，德拉科·马尔福宣誓效忠伏地魔，他想方设法将食死徒引入霍格沃茨。而此时，罗恩、赫敏他们却还沉浸在青春的躁动中，全然不知黑暗正渐渐逼近……,https://image.tmdb.org/t/p/w500/z7uo9zmQdQwU5ZJHFpv2Upl30i1.jpg,tt0417741,https://www.imdb.com/title/tt0417741/,767
11,harry-potter-25,Film Series · 25 Years of Magic: Harry Potter,系列电影｜魔法闪耀25周年,Harry Potter 25,魔法闪耀,Series,系列电影,#6a4a8a,"A quarter-century of the Wizarding World, back on the big screen.",魔法世界25周年——重返大银幕。,11,7,harry-potter-25-harry-potter-and-the-deathly-hallows-part-1,HARRY POTTER AND THE DEATHLY HALLOWS: PART 1,哈利·波特与死亡圣器(上),2010,David Yates,,146,"United Kingdom, United States of America",,EN,,"Harry, Ron and Hermione walk away from their last year at Hogwarts to find and destroy the remaining Horcruxes, putting an end to Voldemort's bid for immortality. But with Harry's beloved Dumbledore dead and Voldemort's unscrupulous Death Eaters on the loose, the world is more dangerous than ever.",邓不利多死后，伏地魔与食死徒入侵魔法学校，魔法部也被伏地魔的爪牙操控，邪恶的阴云笼罩魔法世界上空。在哈利17 岁生日之际，凤凰社成员及一众好友护送他回到了凤凰社的据点陋居，然而这立即遭到食死徒毁灭性地打击。哈利和罗恩、赫敏侥幸逃亡，并且按照邓不利多的嘱托继续寻找伏地魔的魂器。死亡的威胁时刻逡巡左右，他们还要面对友情的考验。在寻找摧毁魂器方法的过程中，死亡圣器的面纱也渐渐揭开。与此同时，为了置哈利于死地，伏地魔也在寻找最后一件死亡圣器。最后的决战即将到来……,https://image.tmdb.org/t/p/w500/iGoXIpQb7Pot00EEdwpwPajheZ5.jpg,tt0926084,https://www.imdb.com/title/tt0926084/,12444
11,harry-potter-25,Film Series · 25 Years of Magic: Harry Potter,系列电影｜魔法闪耀25周年,Harry Potter 25,魔法闪耀,Series,系列电影,#6a4a8a,"A quarter-century of the Wizarding World, back on the big screen.",魔法世界25周年——重返大银幕。,11,8,harry-potter-25-harry-potter-and-the-deathly-hallows-part-2,HARRY POTTER AND THE DEATHLY HALLOWS: PART 2,哈利·波特与死亡圣器(下),2011,David Yates,,130,"United Kingdom, United States of America",,EN,,"Harry, Ron and Hermione continue their quest to vanquish the evil Voldemort once and for all. Just as things begin to look hopeless for the young wizards, Harry discovers a trio of magical objects that endow him with powers to rival Voldemort's formidable skills.",在这部史诗终章的第二部分，魔法世界正邪双方的对决升级为全面战争。危机已达空前高度，无人能保证安全。然而，当哈利·波特逐步逼近与伏地魔的终极对决时，他可能被迫作出最后的牺牲。一切在此终结。[华纳兄弟影业],https://image.tmdb.org/t/p/w500/c54HpQmuwXjHq2C9wmoACjxoom3.jpg,tt1201607,https://www.imdb.com/title/tt1201607/,12445
11,harry-potter-25,Film Series · 25 Years of Magic: Harry Potter,系列电影｜魔法闪耀25周年,Harry Potter 25,魔法闪耀,Series,系列电影,#6a4a8a,"A quarter-century of the Wizarding World, back on the big screen.",魔法世界25周年——重返大银幕。,11,9,harry-potter-25-fantastic-beasts-and-where-to-find-them,FANTASTIC BEASTS AND WHERE TO FIND THEM,神奇动物在哪里,2016,David Yates,,133,"United Kingdom, United States of America",,EN,,"In 1926, Newt Scamander arrives at the Magical Congress of the United States of America with a magically expanded briefcase, which houses a number of dangerous creatures and their habitats. When the creatures escape from the briefcase, it sends the American wizarding authorities after Newt, and threatens to strain even further the state of magical and non-magical relations.",故事发生在1926年的纽约，彼时，麻鸡们对魔法师的抵制达到了最高峰，由玛丽露所领导的反魔法组织活动频繁。与此同时，街头巷尾之中时时发生的种种灾难意外让魔法世界的存在离暴露仅有一线之隔，整个魔法部陷入了空前紧张的气氛之中。  就在这个节骨眼上，环游世界进行着研究神奇魔法动物之行动的魔法动物学家纽特·斯卡曼德抵达了纽约，他随身携带的魔法手提箱里，装着几十种他一路营救的魔法动物们，而他的一举一动，均处于隶属于魔法部的前傲罗蒂娜的监视之下。一场意外中，麻鸡雅各布误拿了纽特的手提箱，并且放出了藏在箱子里的魔法动物，为此，纽特、蒂娜、雅各布和蒂娜的妹妹奎妮不得不踏上了寻找魔法动物的旅途。,https://image.tmdb.org/t/p/w500/fLsaFKExQt05yqjoAvKsmOMYvJR.jpg,tt3183660,https://www.imdb.com/title/tt3183660/,259316
11,harry-potter-25,Film Series · 25 Years of Magic: Harry Potter,系列电影｜魔法闪耀25周年,Harry Potter 25,魔法闪耀,Series,系列电影,#6a4a8a,"A quarter-century of the Wizarding World, back on the big screen.",魔法世界25周年——重返大银幕。,11,10,harry-potter-25-fantastic-beasts-the-crimes-of-grindelwald,FANTASTIC BEASTS: THE CRIMES OF GRINDELWALD,神奇动物：格林德沃之罪,2018,David Yates,,134,"United Kingdom, United States of America",,EN,,"Gellert Grindelwald has escaped imprisonment and has begun gathering followers to his cause—elevating wizards above all non-magical beings. The only one capable of putting a stop to him is the wizard he once called his closest friend, Albus Dumbledore. However, Dumbledore will need to seek help from the wizard who had thwarted Grindelwald once before, his former student Newt Scamander, who agrees to help, unaware of the dangers that lie ahead. Lines are drawn as love and loyalty are tested, even among the truest friends and family, in an increasingly divided wizarding world.",虽然纽特（埃迪·雷德梅恩 Eddie Redmayne 饰）协助美国魔法部将邪恶的黑巫师格林德沃（约翰尼·德普 Johnny Depp 饰）捉拿归案，但最终格林德沃还是逃脱了禁锢，他来到了法国巴黎，一是为了集结信徒掀起革命，二是为了寻找同样藏匿在这里的克雷登斯（埃兹拉·米勒 Ezra Miller 饰），寄生在克雷登斯身上的默默然是帮助格林德沃实现野心的不可或缺的道具。格林德沃的潜逃在整个魔法世界里都掀起了轩然大波，一时间草木皆兵。邓布利多（裘德·洛 Jude Law 饰）秘密的找到了纽特，希望他能够前往巴黎，先格林德沃一步找到克雷登斯。和纽特一起踏上巴黎之旅的，是麻鸡雅各布（丹·福格勒 Dan Fogler 饰），他此行的目的，是要找回先前因为吵架而来到巴黎投奔姐姐蒂娜（凯瑟琳·沃特森 Katherine Waterston 饰）的恋人奎妮（艾莉森·苏朵儿 Alison Sudol 饰）。,https://image.tmdb.org/t/p/w500/fMMrl8fD9gRCFJvsx0SuFwkEOop.jpg,tt4123430,https://www.imdb.com/title/tt4123430/,338952
11,harry-potter-25,Film Series · 25 Years of Magic: Harry Potter,系列电影｜魔法闪耀25周年,Harry Potter 25,魔法闪耀,Series,系列电影,#6a4a8a,"A quarter-century of the Wizarding World, back on the big screen.",魔法世界25周年——重返大银幕。,11,11,harry-potter-25-fantastic-beasts-the-secrets-of-dumbledore,FANTASTIC BEASTS: THE SECRETS OF DUMBLEDORE,神奇动物：邓布利多之谜,2022,David Yates,,142,"United Kingdom, United States of America",,EN,,"Professor Albus Dumbledore knows the powerful, dark wizard Gellert Grindelwald is moving to seize control of the wizarding world. Unable to stop him alone, he entrusts magizoologist Newt Scamander to lead an intrepid team of wizards and witches. They soon encounter an array of old and new beasts as they clash with Grindelwald's growing legion of followers.",阿不思·邓布利多教授（裘德·洛 饰）意识到强大的黑巫师盖勒特·格林德沃（麦斯·米科尔森 饰）正试图夺取魔法世界的控制权。邓布利多了解仅凭他一人之力，将无法阻止格林德沃，于是他委托魔法动物学家纽特·斯卡曼德（埃迪·雷德梅恩 饰）带领一支精良的团队——成员包括男巫、女巫及一位勇敢的麻瓜面包师，来共同执行这项危险任务。一路上他们会遇到各式各样的神奇动物，既有老朋友，也有前所未见的神秘生物；同时他们也随时会与格林德沃不断壮大的追随者发生冲突。这次行动的风险是如此之高……邓布利多还能袖手旁观多久？,https://image.tmdb.org/t/p/w500/3c5GNLB4yRSLBby0trHoA1DSQxQ.jpg,tt4123432,https://www.imdb.com/title/tt4123432/,338953
12,chinese-landscape,Great Mountains & Rivers: A Tapestry of Chinese Cinema,大好河山·中华电影图卷,Chinese Tapestry,中华图卷,Curated Program,策展单元,#8a4a2a,Classics mapping the geography and soul of Chinese cinema across half a century.,半个世纪的中国电影经典，铺展为一卷山河图谱。,15,1,chinese-landscape-the-red-detachment-of-women,THE RED DETACHMENT OF WOMEN,红色娘子军,1961,Xie Jin,,110,China,,ZH,,"Wu Qionghua, a house maid, is abused by a cruel warlord until she joins a troop of women soldiers.",　　海南贫家女吴琼花被残暴的恶霸南霸天活活打个半死昏倒在地，幸得装扮成华侨富商的红军干部洪常青和他手下的及时相救，她才保全性命。伤好后，吴琼花立志投身革命，如愿以偿成为一员娘子军战士。南霸天的寿辰日，洪常青混在众人中来到南府向他贺寿，见来者一身华侨富商打扮并奉上贵重寿礼，南霸天没对洪常青起任何疑心。夜深，吴琼花带领一名女战士化装成丫头潜入南府，准备见机和洪常青以及外面的同志配合一举拿下南霸天，但关键时刻，对南霸天恨之入骨的吴琼花贸然采取了行动。,https://image.tmdb.org/t/p/w500/gotavBeXtpKSXr6nfm3sHLWCKIz.jpg,tt0472622,https://www.imdb.com/title/tt0472622/,184868
12,chinese-landscape,Great Mountains & Rivers: A Tapestry of Chinese Cinema,大好河山·中华电影图卷,Chinese Tapestry,中华图卷,Curated Program,策展单元,#8a4a2a,Classics mapping the geography and soul of Chinese cinema across half a century.,半个世纪的中国电影经典，铺展为一卷山河图谱。,15,2,chinese-landscape-one-and-eight,ONE AND EIGHT,一个和八个,1983,Zhang Junzhao,,90,China,,ZH,,Director Zhang Junzhao's superbly tense revisionist war film (featuring striking cinematography from future Fifth Generation standard bearer Zhang Yimou) is widely considered to be the first work of Mainland Fifth Generation cinema.,抗日时期，华北地区遍地烽火，中共领导下的八路军面对着敌人的步步紧逼勉力周旋。指导员王金（陶泽如 饰）本来从事敌后工作，因叛徒陷害而遭到组织怀疑，被和三名土匪、三名逃兵、一名奸细（谢园 饰）以及一名投毒犯放在一起关押。王金求助锄奸科长许志（陈道明 饰）重新查明自己的案情，但各部队失去联系，后有日军追兵，许志无法证明王金的清白。在王金和其他八名犯人的交往中，他用刚正忠诚的人格魅力打动了土匪头目大秃子（赵小锐 饰），以及逃兵中的老大哥老万头（魏宗万 饰）。不久，部队陷入日军包围，许志身负重伤，王金等人以待罪之身迎击日寇…,https://image.tmdb.org/t/p/w500/lxfq1NskRbTgUMC9ZwbhmXoGJ9q.jpg,tt0086621,https://www.imdb.com/title/tt0086621/,202515
12,chinese-landscape,Great Mountains & Rivers: A Tapestry of Chinese Cinema,大好河山·中华电影图卷,Chinese Tapestry,中华图卷,Curated Program,策展单元,#8a4a2a,Classics mapping the geography and soul of Chinese cinema across half a century.,半个世纪的中国电影经典，铺展为一卷山河图谱。,15,3,chinese-landscape-the-creation-of-a-world,THE CREATION OF A WORLD,开天辟地,1991,Li Xiepu,,,,,ZH,,,1921年7月中国共产党在上海成立。围绕这一翻天覆地的历史大变革，在中国大地上发生了一系列惊心动魄的事件。  中国政府在“巴黎和会”上签定卖国条约的消息迅速激起爱国学生的满腔愤怒，北大整个校园都沸腾起来。5月4日，爆发了震惊中外的“五四”运动。陈独秀（邵宏来 饰）等人因散发《北京市民宣言》而被捕。孙中山（孙滨 饰）、毛泽东（王英 饰）、陈炯明（胡荣华 饰）和蒋介石（苏克 饰）分别从各地通电声援，最终陈获释。1920年8月，中国的第一个共产主义小组在上海成立。紧接着，北京、湖南、湖北、山东等地的共产主义小组也纷纷成立。但在随之而来的白色恐怖之下，长辛店工人俱乐部遭反动军阀血洗。时局的发展，要求尽快建立一个全国统一的共产党组织......,https://image.tmdb.org/t/p/w500/rE9uHTS0rCfpUpRWdcnbRDDcGo4.jpg,tt0343885,https://www.imdb.com/title/tt0343885/,989850
12,chinese-landscape,Great Mountains & Rivers: A Tapestry of Chinese Cinema,大好河山·中华电影图卷,Chinese Tapestry,中华图卷,Curated Program,策展单元,#8a4a2a,Classics mapping the geography and soul of Chinese cinema across half a century.,半个世纪的中国电影经典，铺展为一卷山河图谱。,15,4,chinese-landscape-the-taking-of-tiger-mountain,THE TAKING OF TIGER MOUNTAIN,智取威虎山,2014,Tsui Hark,,141,"China, Hong Kong",,ZH,,"Yang Zirong disguises himself as a bandit to infiltrate and destroy a bandit group. He joins hands with a hostage, and together, they fight against the warlord, Hawk.",1947年冬，东北民主联军203小分队在首长少剑波（林更新 饰）的带领下，奉上级命令进入匪患猖獗的林海雪原保护百姓安全，侦查员杨子荣（张涵予 饰）与卫生员白茹（佟丽娅 饰）火线驰援。为彻底瓦解土匪势力，杨子荣执意请求乔装潜入匪窝“威虎山”。历经了重重考验的杨子荣因献宝有功，被匪首座山雕封为“威虎山老九”。杨子荣一面与八大金刚周旋，一面涉险为山下战友传出情报，而山寨中的一名神秘女子却屡屡将他陷于生死绝境。被203小分队生擒的土匪联络副官栾平趁乱逃脱，竟出现在威虎寨中与杨子荣当面对质……座山雕（梁家辉 饰 ）寿辰“百鸡宴”上，杨子荣与203小分队的战友们迎来了剿匪收网的最佳时机，一场鏖战在所难免……,https://image.tmdb.org/t/p/w500/7seDCoxCBa3O4bUbA4xlKtRfs2U.jpg,tt3950078,https://www.imdb.com/title/tt3950078/,294992
12,chinese-landscape,Great Mountains & Rivers: A Tapestry of Chinese Cinema,大好河山·中华电影图卷,Chinese Tapestry,中华图卷,Curated Program,策展单元,#8a4a2a,Classics mapping the geography and soul of Chinese cinema across half a century.,半个世纪的中国电影经典，铺展为一卷山河图谱。,15,5,chinese-landscape-ashima,ASHIMA,阿诗玛,1964,Liu Qiong,,88,China,,ZH,4K,"In a small village in China's Yunnan province, the romance between Ashima and Ahei is threatened by the interference of the heir to a powerful clan.",在中國雲南省的一個小村莊裡，阿什瑪與阿黑的戀情受到某個權勢家族繼承人的干涉而受到威脅。,https://image.tmdb.org/t/p/w500/8FzvCRlEjqAUsBo6JEc8mDzUzFd.jpg,tt0333099,https://www.imdb.com/title/tt0333099/,279067
12,chinese-landscape,Great Mountains & Rivers: A Tapestry of Chinese Cinema,大好河山·中华电影图卷,Chinese Tapestry,中华图卷,Curated Program,策展单元,#8a4a2a,Classics mapping the geography and soul of Chinese cinema across half a century.,半个世纪的中国电影经典，铺展为一卷山河图谱。,15,6,chinese-landscape-the-tiny-deyue-lou-restaurant,THE TINY DEYUE LOU RESTAURANT,小小得月楼,1983,Lu Ping,,90,China,,ZH,,Young employees of a famous restaurant operate a new branch at a tourist attraction and make it a better one.,人间天堂苏州，每年吸引着大量中外游客。美中不足的“吃饭难”困忧着各家餐馆，得月楼也不例外。团支书毛头（毛永明 饰）向父亲老杨（陆辰生 饰）建议，要带领饭店的青年人在景点开个“小小得月楼”。老杨对这班年青人本来有偏见，无奈儿子信誓旦旦，也只好由他去了。乔妹（顾芗 饰）做梦都想当演员，迟到早退家常便饭，多多（郑进生 饰）则是个愣头青，做事基本不用脑子，经常张冠李戴的送错莱，为此没少挨嗑。而戆戆则为了搞对象，不分钟点的占公家便宜。杨毛头深知队伍的难带，立军令状伊始，他就约法三章，如完不成任务遭顾客投诉，没的说，扣完奖金扣工资，如法炮制。由此，风气渐变，迟到早退少了，占公家便宜成了丢人的事，戆戆还把失传的苏州名莱“甫里鸡”烧了出来......,https://image.tmdb.org/t/p/w500/1HGlr66QwXHlUet0T6TnBZqoJO1.jpg,tt6661732,https://www.imdb.com/title/tt6661732/,871762
12,chinese-landscape,Great Mountains & Rivers: A Tapestry of Chinese Cinema,大好河山·中华电影图卷,Chinese Tapestry,中华图卷,Curated Program,策展单元,#8a4a2a,Classics mapping the geography and soul of Chinese cinema across half a century.,半个世纪的中国电影经典，铺展为一卷山河图谱。,15,7,chinese-landscape-endless-love,ENDLESS LOVE,新不了情,1993,Derek Yee,,105,Hong Kong,,CN,4K,"Unable to make it as a commercial success because he staunchly refuses to sell out, a struggling Hong Kong musician rediscovers his love of music and regains an interest in his life's meaning through his relationship with a dying girl.",　　阿杰（刘青云 饰）是一个怀才不遇的年轻音乐人，生活潦倒不得不独自住进了一个破旧的单位内，终日都沉默寡言。此时他也遇到了在庙街街头艺人的女儿阿敏（袁咏仪 饰），阿敏虽然自小便患有骨癌，但她还是乐观开朗的面对自己的人生，她对生命充满希望的态度感染了阿杰，令他找回了失去的自信，在事业上也看到了曙光。两人渐渐情愫互生，就当一切看来都十分顺利之际，阿敏的病情却日渐恶化，使她失去了往日的勇敢及坚强，变得暴躁起来。最后阿敏得到了阿杰与亲戚朋友的鼓励，可是阿敏体内的病魔还是不肯放手。,https://image.tmdb.org/t/p/w500/7o8tncDaFVWX0U07IzZWbc2ebaK.jpg,tt0111770,https://www.imdb.com/title/tt0111770/,107682
12,chinese-landscape,Great Mountains & Rivers: A Tapestry of Chinese Cinema,大好河山·中华电影图卷,Chinese Tapestry,中华图卷,Curated Program,策展单元,#8a4a2a,Classics mapping the geography and soul of Chinese cinema across half a century.,半个世纪的中国电影经典，铺展为一卷山河图谱。,15,8,chinese-landscape-song-of-the-phoenix,SONG OF THE PHOENIX,百鸟朝凤,2013,Wu Tianming,,110,China,,ZH,,"The life and trials of You Tianming, a young suona apprentice who forms his own suona troupe at a time when the traditions of suona music are declining in Chinese society.",本片改编自肖江虹同名小说。在无双镇，吹唢呐这种传之久远的民间艺术享有崇高的地位。年幼的游天鸣被父亲逼着学习唢呐，拜四方闻名的焦家班班主焦三爷为师。长年累月的辛勤学艺下，终于得到师父真传，学会了代表着唢呐最高成就的《百鸟朝凤》并继承了衣钵。然而时过境迁，洋乐队风靡起来，唢呐逐渐无人问津，这门技艺保不住了，眼看着走向消亡。影片表现了在社会变革、民心浮躁的年代里，新老两代唢呐艺人为了信念的坚守所产生的真挚的师徒情、父子情、兄弟情。,https://image.tmdb.org/t/p/w500/iEeT3fi8uY6BqyXAbKAAXq0uI7s.jpg,tt3214392,https://www.imdb.com/title/tt3214392/,308924
12,chinese-landscape,Great Mountains & Rivers: A Tapestry of Chinese Cinema,大好河山·中华电影图卷,Chinese Tapestry,中华图卷,Curated Program,策展单元,#8a4a2a,Classics mapping the geography and soul of Chinese cinema across half a century.,半个世纪的中国电影经典，铺展为一卷山河图谱。,15,9,chinese-landscape-third-sister-liu,THIRD SISTER LIU,刘三姐,1960,Li Su,,117,China,,ZH,,"Liu Sanjie is a story that originates from the Zhuang minority people; the largest of the minority groups in China. It’s based on the legend of a woman called Liu Sanjie (literally meaning “third sister of Liu family”). Across generations, the story has become an oral tradition amongst these people and similar characters have even been found to exist in other minority cultures. According to legend, Liu Sanjie had the gift of a beautiful singing voice from a very early age. So beautiful was her voice, she could quell anger and raise the spirits of the people around her. The story became famous around China when the movie Liu Sanjie was released in 1960 – a rare musical production in Chinese cinema.",由苏里执导，黄婉秋和梁音领衔主演的本片根据广西壮族民间传说改编而成，讲述了主人公刘三姐因爱唱山歌得罪了地主，而遭到迫害，只得浪迹于漓江上四处漂泊，幸得老渔夫和儿子阿牛好心收留，继续用歌声反抗地主的故事。影片在1960年第二届大众电影百花奖上获得了包括最佳摄影、最佳音乐和最佳美术三项大奖，朗朗上口的主题曲《山歌好比春江水》传唱至今。,https://image.tmdb.org/t/p/w500/zBvTJHFVmrMX6bE2GgfIzeycJVU.jpg,tt0054034,https://www.imdb.com/title/tt0054034/,166289
12,chinese-landscape,Great Mountains & Rivers: A Tapestry of Chinese Cinema,大好河山·中华电影图卷,Chinese Tapestry,中华图卷,Curated Program,策展单元,#8a4a2a,Classics mapping the geography and soul of Chinese cinema across half a century.,半个世纪的中国电影经典，铺展为一卷山河图谱。,15,10,chinese-landscape-visitors-on-the-icy-mountain,VISITORS ON THE ICY MOUNTAIN,冰山上的来客,1963,Zhao Xinshui,,,China,,ZH,,,1951年夏，新疆帕米尔高原。边疆军民的生活正受到特务组织的威胁。从外地娶来的新娘子古兰丹姆实际是女特务古里巴儿（谷毓英饰）假扮。她的到来勾起了解放军哨所战士阿米尔（阿木都力力提饰）的心酸回忆，本来是青梅竹马的一对，彼此却在早年失去联系。当假古兰丹姆得知这段童年往事之后，对阿米尔格外亲昵，以刺探军事情报。这一反常举动引起杨排长（梁音饰）的高度警觉。不久，敌人得寸进尺，偷越边防袭击哨所。可敌人的千算万算却没有逃过我军设下的天罗地网。杨排长将计就计，不仅揭穿了假古兰丹姆的真实面目，更是把这伙狡猾的特务一网打尽。阿米尔终于和真古兰丹姆（阿依夏木饰）再次重逢，在胜利的凯歌中迎接旭日东升。,https://image.tmdb.org/t/p/w500/hyeW2R73xXAfEtN8cPhKVaF5On7.jpg,tt6635034,https://www.imdb.com/title/tt6635034/,667050
12,chinese-landscape,Great Mountains & Rivers: A Tapestry of Chinese Cinema,大好河山·中华电影图卷,Chinese Tapestry,中华图卷,Curated Program,策展单元,#8a4a2a,Classics mapping the geography and soul of Chinese cinema across half a century.,半个世纪的中国电影经典，铺展为一卷山河图谱。,15,11,chinese-landscape-evening-rain,EVENING RAIN,巴山夜雨,1980,Wu Yonggang,,86,China,,ZH,,"At the tail end of the Cultural Revolution, Qiu Shi, a poet who has been in prison for six years, is transferred elsewhere by boat under the guard of two officers. During transit, he meets a series of passengers, who have also faced hardships in recent times.",由吴永刚和吴贻弓联合执导的本片讲述了一艘重庆开往武汉的客轮上，由于种种原因，萍水相逢的8个人共同演绎的一段发生在那个特殊年代的故事。在创作构思上，两位导演一开始就决定影片的重点不在于故事情节，而是着力于人物情感的刻画，李志舆、张瑜、林彬、茅为惠、欧阳儒秋、仲星火等众多优秀演员的精湛演绎，为观众勾勒出了一副个性鲜明的人物群像。影片的片名取自于李商隐《夜雨寄北》中的诗句，同样充满了对故人和过往的浓浓思念，在不大的船舱内，导演通过人物的对话和回忆，以淡墨素雅的笔触，向观众娓娓道尽每个人物身上经历的伤心往事，有的伤痛看似已经愈合，却可能永远都难以抚平，不同身份的“沦落人”们在短短的旅途中重新审视自己的过去以及对未来的期许，影片犹如一首深入我们纯真心灵的抒情诗，让人久久不能忘怀。[碟影],https://image.tmdb.org/t/p/w500/baojFKyNujx1CDAGPbAu0HEL4Yv.jpg,tt0080404,https://www.imdb.com/title/tt0080404/,259034
12,chinese-landscape,Great Mountains & Rivers: A Tapestry of Chinese Cinema,大好河山·中华电影图卷,Chinese Tapestry,中华图卷,Curated Program,策展单元,#8a4a2a,Classics mapping the geography and soul of Chinese cinema across half a century.,半个世纪的中国电影经典，铺展为一卷山河图谱。,15,12,chinese-landscape-lover-s-grief-over-the-yellow-river,LOVER’S GRIEF OVER THE YELLOW RIVER,黄河绝恋,1999,Feng Xiaoning,,110,China,,ZH,,"A story of an American pilot who crashes in China, gets rescued and falls in love with a local woman. Years later he returns to pay his respects.",二战后期，盟军飞行员欧文（Paul Kersey）因飞机被日军军舰击中被迫降落在长城脚下，生命危急之际，他被八路军和当地老百姓救下，不久，战士黑子（王新军）和懂英文的女军医安洁（宁静）奉命护送他前往根据地。  　　为渡过黄河，黑子先带欧文和安洁潜回他的家乡，徒生波折险些丧命。通过与安洁的交流，欧文对中国有了更深的了解，他渐渐爱上美丽、聪慧、坚强的安洁。黄河近在眼前，就在他们以为可以顺利渡过时，日军突至对他们进行了疯狂的阻击。,https://image.tmdb.org/t/p/w500/tyzBmQJuTZlwo9fspTnQkko3Cjf.jpg,tt0229539,https://www.imdb.com/title/tt0229539/,45859
12,chinese-landscape,Great Mountains & Rivers: A Tapestry of Chinese Cinema,大好河山·中华电影图卷,Chinese Tapestry,中华图卷,Curated Program,策展单元,#8a4a2a,Classics mapping the geography and soul of Chinese cinema across half a century.,半个世纪的中国电影经典，铺展为一卷山河图谱。,15,13,chinese-landscape-postmen-in-the-mountains,POSTMEN IN THE MOUNTAINS,那山那人那狗,1999,Huo Jianqi,,93,China,,ZH,,"An old postman has spent his whole life delivering mail to the mountain of Hunan and is about to retire, his only son due to take over his duties.",儿子（刘烨）高考落榜不得已回到大山中的家后，做了大半辈子山村邮递员的父亲（滕汝骏）提前退休，安排儿子接下自己的工作。儿子上班第一天，父亲千叮咛万嘱咐之后仍不放心，带上长年在其左右的忠实老狗决定陪儿子再走一趟送信之旅。起初，父子两人因为长期隔膜只默默走路，渐渐地，通过与不同村民尤其一个漂亮女孩（陈好）的接触，两人渐渐打开话匣，对彼此有了深一层的认识和了解。秀美如画的风景中，儿子慢慢明白了父亲工作的辛苦和意义，父亲也渐渐体会到他二十几年来对家庭的亏欠。,https://image.tmdb.org/t/p/w500/hnsgCd6YtM0R3tpbsVLy5J1oKZd.jpg,tt0210916,https://www.imdb.com/title/tt0210916/,108954
12,chinese-landscape,Great Mountains & Rivers: A Tapestry of Chinese Cinema,大好河山·中华电影图卷,Chinese Tapestry,中华图卷,Curated Program,策展单元,#8a4a2a,Classics mapping the geography and soul of Chinese cinema across half a century.,半个世纪的中国电影经典，铺展为一卷山河图谱。,15,14,chinese-landscape-paths-of-the-soul,PATHS OF THE SOUL,冈仁波齐,2015,Zhang Yang,,115,China,,BO,,"Eleven Tibetans prostrate themselves every few steps during a 1,200-mile pilgrimage that lasts for seven months.",导演张杨（代表作《洗澡》《落叶归根》）模糊了纪录片与虚构的边界，跟随一群西藏村民离开尼玛小村的家庭，沿着1200英里道路前往圣城拉萨，进行佛教的“磕长头朝圣”——每行几步便将身体完全俯卧于地。尽管众人怀着同样非凡的虔诚，但每位朝圣者踏上这近乎不可能之旅的缘由却各不相同：有人需涤除家族业障，屠夫渴望洗净灵魂沾染的血迹，而一位生命将尽的老人，则希望以叩拜斩断此生所为铸成的因果链。[Icarus Films],https://image.tmdb.org/t/p/w500/j6bBNDVn8EpqP2BxEPz3DVjvKum.jpg,tt4957446,https://www.imdb.com/title/tt4957446/,358908
12,chinese-landscape,Great Mountains & Rivers: A Tapestry of Chinese Cinema,大好河山·中华电影图卷,Chinese Tapestry,中华图卷,Curated Program,策展单元,#8a4a2a,Classics mapping the geography and soul of Chinese cinema across half a century.,半个世纪的中国电影经典，铺展为一卷山河图谱。,15,15,chinese-landscape-four-springs,FOUR SPRINGS,四个春天,2017,Lu Qingyi,,105,China,,ZH,,"Four Springs is a documentary film that presented a family's daily life in the remote town of Dushan in the Guizhou province in southwest China. From a subjective angle, the camera induced the flow of life out of the screen: the quotidian toils, singing, excursions in nature, visits among friends and extended families, funerals, reunions and departures. It presented the state of being of the two main characters, the director's own parents, and their attitude when facing irretrievable loss in life.",《四个春天》是一部以真实家庭生活为背景的纪录片。15 岁离家，在异乡漂泊多年的导演以自己南方小城里的父母为主角，在四年光阴里，以一己之力记录了他们的美丽日常。在如诗的乐活慢生活图景中，影像缓缓雕刻出一个幸福家庭近二十年的温柔变迁，以及他们如何以自己的方式面对流转的时间、人生的得失起落。,https://image.tmdb.org/t/p/w500/smBbon8zwp6p9NqWDYDvM4rQ8gN.jpg,tt7124742,https://www.imdb.com/title/tt7124742/,537223
13,pathe-130,Special Program · Pathé 130: A Century of Light,特别策划｜百代光影130周年,Pathé 130,百代130,Special Selection,特别策划,#9a5040,"Pathé-distributed classics from silent cinema to today, marking 130 years of the studio.",百代130周年——从默片到当代的精选放映。,8,1,pathe-130-the-wheel,THE WHEEL,铁路的白蔷薇,1923,Abel Gance,,418,France,,FR,4K,"Sisif, a railwayman, saves a young girl named Norma orphaned by a train crash and raises her as his own daughter alongside his son, Elie. As she becomes an adult, Sisif grapples with whether to tell Norma the truth about her parentage.",　　影片讲述一个类似现在电视肥皂剧的故事：铁路工程师从一次车祸中救回一个女孩，把她当作女儿来领养。不料他自己和儿子都对女孩产生好感。为了不让儿子占有她，遂把女孩嫁给了一个富人。但儿子和养女之间有着压制不住的爱情。儿子跟她丈夫发生争执，不幸死亡。老人把儿子的死归咎于养女，不愿再见到她。后来他眼睛瞎了，养女偷偷回来照料他，直至为他送终。,https://image.tmdb.org/t/p/w500/5ed3ywd7lmDPhsCXmcdSih9SxP2.jpg,tt0014417,https://www.imdb.com/title/tt0014417/,50182
13,pathe-130,Special Program · Pathé 130: A Century of Light,特别策划｜百代光影130周年,Pathé 130,百代130,Special Selection,特别策划,#9a5040,"Pathé-distributed classics from silent cinema to today, marking 130 years of the studio.",百代130周年——从默片到当代的精选放映。,8,2,pathe-130-children-of-paradise,CHILDREN OF PARADISE,天堂的孩子,1945,Marcel Carné,,190,France,,FR,,"In a chaotic 19th-century Paris teeming with aristocrats, thieves, psychics, and courtesans, theater mime Baptiste is in love with the mysterious actress Garance. But Garance, in turn, is loved by three other men: pretentious actor Frederick, conniving thief Lacenaire, and Count Edouard of Montray.",这部被公认为法国影史瑰宝的杰作，将诗意现实主义推向了至臻之境。影片以灵动的笔触描绘十九世纪巴黎剧场风月界，在二战期间拍摄完成。故事围绕一位神秘女子展开，她被四个基于历史原型创作的男人所爱慕：一位演员、一名罪犯、一位伯爵，以及最令人心碎的角色——用浸透世代渴慕的表演撼动心灵的哑剧艺人。导演马塞尔·卡尔内与编剧雅克·普莱维尔以敏锐的洞察与戏剧激情，重现了这个充斥着江湖骗子与贵族、盗贼与名伶、掮客与先知的浮世绘。,https://image.tmdb.org/t/p/w500/yiy9stl1jjVhW44ypkWMFDT8Ix3.jpg,tt0037674,https://www.imdb.com/title/tt0037674/,2457
13,pathe-130,Special Program · Pathé 130: A Century of Light,特别策划｜百代光影130周年,Pathé 130,百代130,Special Selection,特别策划,#9a5040,"Pathé-distributed classics from silent cinema to today, marking 130 years of the studio.",百代130周年——从默片到当代的精选放映。,8,3,pathe-130-jean-de-florette,JEAN DE FLORETTE,恋恋山城,1986,,,,,,,4K,,,,,https://www.imdb.com/find/?q=JEAN+DE+FLORETTE+1986&s=tt&ttype=ft,
13,pathe-130,Special Program · Pathé 130: A Century of Light,特别策划｜百代光影130周年,Pathé 130,百代130,Special Selection,特别策划,#9a5040,"Pathé-distributed classics from silent cinema to today, marking 130 years of the studio.",百代130周年——从默片到当代的精选放映。,8,4,pathe-130-manon-of-the-spring,MANON OF THE SPRING,甘泉玛侬,1986,Claude Berri,,115,"France, Italy",,FR,4K,"In this, the sequel to Jean de Florette, Manon has grown into a beautiful young shepherdess living in the idyllic Provencal countryside. She plots vengeance on the men who greedily conspired to acquire her father's land years earlier.",　　花圃主人塞萨·苏贝朗和侄子于果林·苏贝朗在十几年前设下毒计，他们堵死了“让”家赖以生存的水源，从他手里夺取了一片有泉水浇灌的园地。于果林爱上了“让”的女儿玛侬，但玛侬的心已另有所属。心存报复的玛侬在得知了多年前塞萨的阴谋以后，将村里的泉眼堵死。在教堂组织的祈祷仪式上，玛侬揭露了苏贝朗家族的丑恶嘴脸，于果林羞愧万分自缢而死。真相终于大白，原来让竟然是塞萨同他的旧情人弗罗雷特的亲骨肉，而玛侬正是塞萨的亲孙女……,https://image.tmdb.org/t/p/w500/1qpu6Zc1PSDL3UbDNIZJ6YuhJDW.jpg,tt0091480,https://www.imdb.com/title/tt0091480/,4481
13,pathe-130,Special Program · Pathé 130: A Century of Light,特别策划｜百代光影130周年,Pathé 130,百代130,Special Selection,特别策划,#9a5040,"Pathé-distributed classics from silent cinema to today, marking 130 years of the studio.",百代130周年——从默片到当代的精选放映。,8,5,pathe-130-queen-margot,QUEEN MARGOT,玛戈王后,1994,Patrice Chéreau,,138,"France, Germany, Italy",,FR,4K,"Paris, Kingdom of France, August 18, 1572. To avoid the outbreak of a religious war, the Catholic princess Marguerite de Valois, sister of the feeble King Charles IX, marries the Huguenot King Henry III of Navarre.",十六世纪后半叶，法国处于“胡格诺战争”时期，天主教和新教残酷战争不断。而宫廷内部也奢华淫靡，腐败不堪。为了平息连年内战，信仰天主教的法国宫廷决定将玛格丽特公主  嫁给新教徒的首领纳瓦尔国王亨利。,https://image.tmdb.org/t/p/w500/8uGkhBLiJMIkwohGPo3iB9AuwDg.jpg,tt0110963,https://www.imdb.com/title/tt0110963/,10452
13,pathe-130,Special Program · Pathé 130: A Century of Light,特别策划｜百代光影130周年,Pathé 130,百代130,Special Selection,特别策划,#9a5040,"Pathé-distributed classics from silent cinema to today, marking 130 years of the studio.",百代130周年——从默片到当代的精选放映。,8,6,pathe-130-girl-with-a-pearl-earring,GIRL WITH A PEARL EARRING,戴珍珠耳环的少女,2003,Peter Webber,,101,"France, Luxembourg, United Kingdom",,EN,,"This film, adapted from a work of fiction by author Tracy Chevalier, tells a story about the events surrounding the creation of the painting ""Girl With A Pearl Earring"" by 17th century Dutch master Johannes Vermeer. A young peasant maid working in the house of painter Johannes Vermeer becomes his talented assistant and the model for one of his most famous works.",　　少女葛利叶（Scarlett Johansson 饰）家境贫寒，于是来到画家维梅尔（Colin Firth 饰）家做女佣。维梅尔的家庭是一个母系社会。他的岳母、妻子，常常摆出颐指气使的神情。因为维梅尔曾经有过外遇，妻子对正当青春的葛利叶更是戒心重重。在非常苛刻和压抑的氛围下，葛利叶在维梅尔家过得卑躬屈膝。维梅尔的画带给了她一点生活的乐趣。她收拾主人画室的时候，流露出了对艺术的天分。她跟维梅尔谈论对画的理解，二人的交心让彼此的情意慢慢滋长。葛利叶知道不可能与维梅尔修得正果，但她愿意做模特奉献给维梅尔作画。她默默地，忍受着维梅尔给她的耳朵打上洞，戴上他妻子的珍珠耳环，画出这一刻的窒息的美丽。,https://image.tmdb.org/t/p/w500/41DkOi1MvTgTQXt5BevVSzo94kk.jpg,tt0335119,https://www.imdb.com/title/tt0335119/,3635
13,pathe-130,Special Program · Pathé 130: A Century of Light,特别策划｜百代光影130周年,Pathé 130,百代130,Special Selection,特别策划,#9a5040,"Pathé-distributed classics from silent cinema to today, marking 130 years of the studio.",百代130周年——从默片到当代的精选放映。,8,7,pathe-130-slumdog-millionaire,SLUMDOG MILLIONAIRE,贫民窟的百万富翁,2008,Danny Boyle,,121,United Kingdom,,EN,,"A teenager reflects on his life after being accused of cheating on the Indian version of ""Who Wants to be a Millionaire?"".",本片讲述18岁的孟买贫民窟孤儿贾马尔·马利克的故事，他即将迎来人生中最重要的一天。在印度《谁想成为百万富翁？》节目现场，全国观众注视下，他仅差一题就能赢得惊人的2000万卢比。然而节目夜间暂停时，警方以涉嫌作弊为由逮捕了他——一个街头小子怎会知道这么多？为证明清白，贾马尔娓娓道来自己在贫民窟的成长经历：与哥哥相依为命的岁月、颠沛流离的冒险旅程、与地方帮派的残酷遭遇，以及他爱过又失去的女孩拉媞卡。他人生的每一段篇章，都恰好对应着答题节目中一道问题的关键。听罢贾马尔的故事，倦怠的警察督察不禁疑惑：这个对财富看似毫无渴望的年轻人，究竟为何站上这个答题舞台？新的一天来临，当贾马尔重回现场回答最后问题时，督察与六千万观众即将共同揭晓答案。[福克斯探照灯影业],https://image.tmdb.org/t/p/w500/5leCCi7ZF0CawAfM5Qo2ECKPprc.jpg,tt1010048,https://www.imdb.com/title/tt1010048/,12405
13,pathe-130,Special Program · Pathé 130: A Century of Light,特别策划｜百代光影130周年,Pathé 130,百代130,Special Selection,特别策划,#9a5040,"Pathé-distributed classics from silent cinema to today, marking 130 years of the studio.",百代130周年——从默片到当代的精选放映。,8,8,pathe-130-oceans,OCEANS,海洋,2009,,,,,,,,,,,,https://www.imdb.com/find/?q=OCEANS+2009&s=tt&ttype=ft,
15,focus-spain,Focus on Spain,聚焦西班牙,Spain,西班牙,Curated Program,策展单元,#b04a2a,Contemporary Spanish cinema in focus.,聚焦当代西班牙电影。,4,1,focus-spain-the-good-daughter,THE GOOD DAUGHTER,好女儿,2025,Júlia de Paz,,101,"Spain, Belgium",,ES,,"After her parents’ separation, Carmela and her mother move into her grandmother’s home. As Carmela struggles to adjust to her new reality, she longs to spend more time at her father’s place, a visual artist she both admires and idolizes. His presence looms over the three generations of women, pushing them to confront and decide the future they each deserve.",,https://image.tmdb.org/t/p/w500/8NI00eKWTGKTpBjQEMJRzOWGA4h.jpg,tt32676647,https://www.imdb.com/title/tt32676647/,1563543
15,focus-spain,Focus on Spain,聚焦西班牙,Spain,西班牙,Curated Program,策展单元,#b04a2a,Contemporary Spanish cinema in focus.,聚焦当代西班牙电影。,4,2,focus-spain-sundays,SUNDAYS,礼拜天,2025,Alauda Ruiz de Azúa,,112,"Spain, France",,ES,,"17-year-old Ainara is a student at a Catholic secondary school, and is about to take her final year exams and choose her future university course. To everyone’s surprise, this brilliant young girl announces to her family that she wants to take part in an induction period at a convent in order to embrace the religious life. Nobody was expecting this. While her father seems to be won over by his daughter’s aspirations, for Maite, Ainara’s aunt, this unexpected vocation is the manifestation of a deeper problem.",一位年轻、才华横溢且充满理想的17岁少女艾娜拉，她正面临着大学选修专业的抉择。至少，她的家人是这么希望的。然而，艾娜拉却透露，她感到自己与上帝的联系日益紧密，并且她准备成为一名隐修女。这个惊人的消息让全家人都措手不及，引发了家庭的分裂，也成为了对他们所有人的一次严峻考验。,https://image.tmdb.org/t/p/w500/3682SbY3rsNKsQzFpPUKrWdGmmx.jpg,tt35513027,https://www.imdb.com/title/tt35513027/,1443576
15,focus-spain,Focus on Spain,聚焦西班牙,Spain,西班牙,Curated Program,策展单元,#b04a2a,Contemporary Spanish cinema in focus.,聚焦当代西班牙电影。,4,3,focus-spain-the-dinner,THE DINNER,晚餐,2025,Manuel Gómez Pereira,,106,"Spain, France",,ES,,"Spain, April 15, 1939. With the Civil War concluded, and with the intention of celebrating his victory, General Franco attends a dinner with his generals at the Palace Hotel.",1939 年 4 月 15 日，西班牙内战结束两周后，梅迪纳中尉突然闯入帕拉西奥酒店，带来一则出人意料的通知：佛朗哥当晚将携麾下高级将领在此用餐。然而他们并不知道，这顿晚餐将由一群共和党厨师负责烹制 —— 而这些厨师刚刚获得了逃离西班牙的最后机会。,https://image.tmdb.org/t/p/w500/u8uNMBYtOltjapW228pZD8ILdNs.jpg,tt35657504,https://www.imdb.com/title/tt35657504/,1433680
15,focus-spain,Focus on Spain,聚焦西班牙,Spain,西班牙,Curated Program,策展单元,#b04a2a,Contemporary Spanish cinema in focus.,聚焦当代西班牙电影。,4,4,focus-spain-calle-malaga,CALLE MALAGA,马拉加街夕阳红,2025,Maryam Touzani,,116,"Morocco, France, Spain, Germany, Belgium",,ES,,"Maria Angeles, a 79-year-old Spanish woman, lives alone in Tangier, Morocco, and enjoys her daily routine. However, her life is turned upside down when her daughter arrives from Madrid to sell the apartment in which she has always lived. Determined to stay, she does everything she can to get her home and her belongings back and, unexpectedly, rediscovers love and sensuality.",79岁的西班牙女子玛丽亚·安赫莱斯独自生活在摩洛哥的丹吉尔，享受着自己的日常生活。然而，当她女儿从马德里赶来，想要卖掉她一直居住的公寓时，她的生活彻底被打乱了。决心留下来的她，竭尽所能想要夺回自己的家与财物，却意外重拾了爱情与感官的愉悦。,https://image.tmdb.org/t/p/w500/fWagBXNDk44UaupYtwQOAvDwGiT.jpg,tt32429174,https://www.imdb.com/title/tt32429174/,1399462
16,auteurs-new,New Films by Renowned Directors,名导新作,Auteurs · New,名导新作,Section,单元,#3a4a5e,The latest from filmmakers whose names alone bring the room in.,重要作者导演的最新作品。,11,1,auteurs-new-father-mother-sister-brother,FATHER MOTHER SISTER BROTHER,父母姐弟,2025,Jim Jarmusch,吉姆·贾木许,110,USA,美国,English,,"Jarmusch's family triptych — three pairs of adult siblings visiting their parents, on three continents.",贾木许的家庭三联画：三对成年手足，分别在三大洲探访父母。,https://image.tmdb.org/t/p/w500/96O3Ol3f2veMxAxYqsML8rOumB9.jpg,tt31189315,https://www.imdb.com/title/tt31189315/,1159206
16,auteurs-new,New Films by Renowned Directors,名导新作,Auteurs · New,名导新作,Section,单元,#3a4a5e,The latest from filmmakers whose names alone bring the room in.,重要作者导演的最新作品。,11,2,auteurs-new-bugonia,BUGONIA,拯救地球,2025,Yorgos Lanthimos,约戈斯·兰西莫斯,119,Greece / USA,希腊／美国,English,,Two conspiracy theorists kidnap a pharmaceutical CEO they believe to be a saboteur from outer space.,两个阴谋论者绑架了一名药企首席执行官，因为他们坚信她是来自外太空的破坏者。,https://image.tmdb.org/t/p/w500/oxgsAQDAAxA92mFGYCZllgWkH9J.jpg,tt12300742,https://www.imdb.com/title/tt12300742/,701387
16,auteurs-new,New Films by Renowned Directors,名导新作,Auteurs · New,名导新作,Section,单元,#3a4a5e,The latest from filmmakers whose names alone bring the room in.,重要作者导演的最新作品。,11,3,auteurs-new-magellan,MAGELLAN,麦哲伦,2025,Lav Diaz,拉夫·达兹,163,Philippines,菲律宾,Tagalog,,Lav Diaz follows Ferdinand Magellan from Lisbon to the beach at Mactan. History at the pace of memory.,拉夫·达兹跟随麦哲伦的脚步，从里斯本一路至麦克坦海滩。以记忆的步速重走历史。,https://image.tmdb.org/t/p/w500/pmFeUueU7BWLVnHrYI1FD7VnxtH.jpg,tt36456563,https://www.imdb.com/title/tt36456563/,975335
16,auteurs-new,New Films by Renowned Directors,名导新作,Auteurs · New,名导新作,Section,单元,#3a4a5e,The latest from filmmakers whose names alone bring the room in.,重要作者导演的最新作品。,11,4,auteurs-new-mirrors-no-3,MIRRORS NO.3,镜的第三乐章,2025,Christian Petzold,克里斯蒂安·佩措尔德,86,Germany,德国,German,,A young woman survives a car crash and is taken in by a stranger's family. Petzold's third 'mirror' story.,一位年轻女子在车祸中幸存，被一户陌生人家接纳。佩措尔德的第三则'镜面'故事。,https://image.tmdb.org/t/p/w500/dNzLDieAVlX3So2Qs2XSAOUmvxM.jpg,tt32247943,https://www.imdb.com/title/tt32247943/,1178602
16,auteurs-new,New Films by Renowned Directors,名导新作,Auteurs · New,名导新作,Section,单元,#3a4a5e,The latest from filmmakers whose names alone bring the room in.,重要作者导演的最新作品。,11,5,auteurs-new-no-other-choice,NO OTHER CHOICE,无可奈何,2025,Park Chan-wook,,140,"South Korea, France",,KO,,"After being laid off and humiliated by a ruthless job market, a veteran paper mill manager descends into violence in a desperate bid to reclaim his dignity.",一名男子失业数年后，为获得新工作灵光一现想出独特计划：消灭自己的竞争对手。,https://image.tmdb.org/t/p/w500/sBpxTGLzKnvPSVtL5yQYpSxvKEb.jpg,tt1527793,https://www.imdb.com/title/tt1527793/,639988
16,auteurs-new,New Films by Renowned Directors,名导新作,Auteurs · New,名导新作,Section,单元,#3a4a5e,The latest from filmmakers whose names alone bring the room in.,重要作者导演的最新作品。,11,6,auteurs-new-mothertongue,MOTHERTONGUE,春树,2025,Zhang Lu,,121,China,,ZH,,"After a decade as a Beijing drifter, Fang Chunshu returns to Chengdu, grappling with urban alienation from her single mother, until a local youth helps her rediscover familial bonds through emerging cultural spaces and find renewed purpose amid the city's transformation.",北漂十年后，春树回到老家成都，但她即刻起产生了——“回成都了 ，还是到成都了？”的迷失感。外地人冬冬的闯入，让她在重游和发现之间，渐渐走进成都的肌理和节奏中。,https://image.tmdb.org/t/p/w500/1HozIW2hxGau9H78dbFhY5gXcB1.jpg,tt32394762,https://www.imdb.com/title/tt32394762/,1555229
16,auteurs-new,New Films by Renowned Directors,名导新作,Auteurs · New,名导新作,Section,单元,#3a4a5e,The latest from filmmakers whose names alone bring the room in.,重要作者导演的最新作品。,11,7,auteurs-new-gloaming-in-luomu,GLOAMING IN LUOMU,罗目的黄昏,2025,Zhang Lu,,99,China,,ZH,,"Xiao Bai receiving a postcard from a small town in the southwest. It was sent by her boyfriend who left without saying goodbye three years ago. After much hesitation, she decided to go to the town to find out what happened.",小白收到一封来自西南小镇寄出的明信片，是三年前不辞而别的男友发来的。犹豫再三，她决定去往小镇探个究竟。,https://image.tmdb.org/t/p/w500/vscGzT8s2C6yPoyOA6rNv9O1znN.jpg,tt38044279,https://www.imdb.com/title/tt38044279/,1535886
16,auteurs-new,New Films by Renowned Directors,名导新作,Auteurs · New,名导新作,Section,单元,#3a4a5e,The latest from filmmakers whose names alone bring the room in.,重要作者导演的最新作品。,11,8,auteurs-new-landmarks,LANDMARKS,我们的土地,2025,Lucrecia Martel,,119,"Argentina, Denmark, Mexico, United States of America, Netherlands, France",,ES,,"In 2009, a man and two accomplices try to evict members of the Indigenous community of Chuschagasta in northern Argentina. Claiming ownership of the land and armed with guns, they kill the community’s leader, Javier Chocobar. The murder is caught on video. It takes nine years of protests before court proceedings are finally opened in 2018. During all this time, the killers remain free. The film combines the voices and photographs of the community with courtroom footage to explore the long history of colonialism and land dispossession that led to this crime.",2009年，阿根廷北部，一名男子伙同两名帮凶试图驱逐丘斯卡加斯塔原住民社区的成员。他们持枪宣称拥有土地所有权，杀害了社区领袖哈维尔·乔科瓦尔。谋杀过程被视频记录下来。经过长达九年的抗议，法院才于2018年开庭审理此案。在此期间，凶手一直逍遥法外。影片结合社区民众的声音、照片以及法庭影像资料，探寻导致这场罪行的殖民主义与土地剥夺的漫长历史。,https://image.tmdb.org/t/p/w500/1gXQmNpaKvjskAxfHWwdpK4IeHN.jpg,tt9859510,https://www.imdb.com/title/tt9859510/,661603
16,auteurs-new,New Films by Renowned Directors,名导新作,Auteurs · New,名导新作,Section,单元,#3a4a5e,The latest from filmmakers whose names alone bring the room in.,重要作者导演的最新作品。,11,9,auteurs-new-the-stranger,THE STRANGER,局外人,2025,,,,,,,,,,,,https://www.imdb.com/find/?q=THE+STRANGER+2025&s=tt&ttype=ft,
16,auteurs-new,New Films by Renowned Directors,名导新作,Auteurs · New,名导新作,Section,单元,#3a4a5e,The latest from filmmakers whose names alone bring the room in.,重要作者导演的最新作品。,11,10,auteurs-new-brunello-the-gracious-visionary,BRUNELLO: THE GRACIOUS VISIONARY,布鲁内洛：温文尔雅的梦想家,2025,Giuseppe Tornatore,,127,Italy,,IT,,"A farmer's son transforms into a fashion mogul, building a billion-dollar luxury empire while staying true to his humanistic values and commitment to ethical business practices and fine craftsmanship.",影片基于纪录片与虚构手法的交融，追溯了库奇内利生命轨迹中的关键地点与时刻：从乡村童年，到被他改造成为人文资本主义象征的索洛梅奥小镇。通过见证、档案影像和个人回忆，展现了一个出身卑微、却创立了世界知名企业，并始终坚持尊严、美与社会正义价值观的人。故事的结尾达成了一种共识：那些用勇气浇灌的梦想，才是引导命运的真正力量。,https://image.tmdb.org/t/p/w500/t78agH4Zki9OpIGe44oBgXafqk.jpg,tt37107071,https://www.imdb.com/title/tt37107071/,1498729
16,auteurs-new,New Films by Renowned Directors,名导新作,Auteurs · New,名导新作,Section,单元,#3a4a5e,The latest from filmmakers whose names alone bring the room in.,重要作者导演的最新作品。,11,11,auteurs-new-grace,GRACE,恩典,2025,Venkat Damara,,,France,,FR,,,,https://image.tmdb.org/t/p/w500/42qz0xggymCZ1UfJs3oaRjZdUpj.jpg,tt40383229,https://www.imdb.com/title/tt40383229/,1649435
17,asian-film-of-the-year,Asian Film of the Year,年度亚洲电影,Asian Film,年度亚洲,Section,单元,#2f6f6a,Standout features from across the Asian production landscape.,本年度亚洲电影中的醒目之作。,11,1,asian-film-of-the-year-the-president-s-cake,THE PRESIDENT'S CAKE,总统的蛋糕,2025,Hasan Hadi,,106,United States of America,,EN,,"While people across 1990s Iraq struggle to survive the war and food shortages, Saddam Hussein requires each school in the country to prepare a cake to celebrate his birthday. Despite her efforts to avoid getting picked, 9-year-old Lamia is chosen among her classmates. The young girl must now use her wits and imagination to gather ingredients for the mandatory cake or face the consequences.",90年代的伊拉克，萨达姆·侯赛因要求全国每所学校都要为他的生日准备一个蛋糕。9岁的拉米娅必须发动她全部的智慧和想象力，以集齐制作蛋糕所需的全部原料。,https://image.tmdb.org/t/p/w500/abdw51gf1oy3UWllAwqGl6WdkiS.jpg,tt36580119,https://www.imdb.com/title/tt36580119/,1464883
17,asian-film-of-the-year,Asian Film of the Year,年度亚洲电影,Asian Film,年度亚洲,Section,单元,#2f6f6a,Standout features from across the Asian production landscape.,本年度亚洲电影中的醒目之作。,11,2,asian-film-of-the-year-badak,BADAK,荣耀嘻哈,2025,Raihan Halim,,93,"Singapore, Malaysia, Indonesia",,MS,,"A deaf single dad's life with his daughter changes when she becomes a hip-hop star. Meanwhile, another father faces ongoing challenges communicating with his deaf son.",一个聋人单亲爸爸的生活，因女儿一跃成为嘻哈明星而彻底改写；而另一位父亲，却仍在日复一日地挣扎于如何与自己的聋哑儿子真正“对话”。,https://image.tmdb.org/t/p/w500/iPlxv0DFN8KEkSlOyRYp0K3nork.jpg,tt37536961,https://www.imdb.com/title/tt37536961/,1509659
17,asian-film-of-the-year,Asian Film of the Year,年度亚洲电影,Asian Film,年度亚洲,Section,单元,#2f6f6a,Standout features from across the Asian production landscape.,本年度亚洲电影中的醒目之作。,11,3,asian-film-of-the-year-songs-of-forgotten-trees,SONGS OF FORGOTTEN TREES,被遗忘的树之歌,2025,Anuparna Roy,,77,India,,HI,,"Migrant and aspiring actress Thooya navigates Mumbai by leveraging beauty and wit, occasionally trading intimacy for opportunity. When she sublets her sugar daddy’s upscale apartment to Swetha, a fellow migrant working a corporate job, the two women from seemingly different worlds begin sharing more than just living space. Amid Mumbai’s relentless pulse, they discover silent empathy, though personal histories and wounds test their delicate connection in a strange and tender unfolding – of selfhood, of survival, of unexpected kinship.",她有个演员梦，为生计而秘密从事性工作。另一个她初来乍到，以客服工作糊口，对孟买生活充满期许。背景迥异的二人因合租而交集，在琐碎的日常中，她们下厨晾衣、哼唱民谣，也窥看对方的脆弱与伤痕，默默生出微妙而复杂的亲密情感。温柔不批判的长镜头，真实捕捉女性间的情感流动与独立坚韧的姿态，构筑一首平实的现代都市女性之歌。创作灵感源自导演自身记忆，童年好友因被迫早婚而消失不见，连道别也来不及。她借角色的遗憾与树的隐喻纪录这段沉重的过去，揭露传统文化制度对女性的无形压迫。首位摘下威尼斯影展地平线单元最佳导演奖之印度导演，为印度女性故事注入力量与肯定。,https://image.tmdb.org/t/p/w500/nZWDj8Cc4b4dq0UKsMTA1Y8mwdo.jpg,tt37660512,https://www.imdb.com/title/tt37660512/,1517129
17,asian-film-of-the-year,Asian Film of the Year,年度亚洲电影,Asian Film,年度亚洲,Section,单元,#2f6f6a,Standout features from across the Asian production landscape.,本年度亚洲电影中的醒目之作。,11,4,asian-film-of-the-year-sand-city,SAND CITY,沙之城市,2025,Mahde Hasan,,99,Bangladesh,,BN,,"Emma and Hasan don’t know each other, but they have much in common. Most importantly, they are both sand thieves. Emma steals it for kitty litter, Hasan for making homemade glass. One day, their lives are disrupted by the discovery of a severed finger, and they learn that the human psyche can shatter as easily as glass…",艾玛每周都会骑着摩托车去取沙子，作为她猫砂的原料。有一天，她在沙子里发现了一只被切断的手指，并逐渐与这只孤零零的手指建立了一种奇怪的联系。僧人卡鲁纳试图专注于建造一个沙曼陀罗，但周围地区的持续噪音分散了他的注意力。哈桑从一个洗沙厂偷沙子，以便在家里制作玻璃，这最终慢慢导致了他自己的毁灭。,https://image.tmdb.org/t/p/w500/ngtdwNOIep7c1XWFcIe7xZROWFP.jpg,tt11247604,https://www.imdb.com/title/tt11247604/,1492008
17,asian-film-of-the-year,Asian Film of the Year,年度亚洲电影,Asian Film,年度亚洲,Section,单元,#2f6f6a,Standout features from across the Asian production landscape.,本年度亚洲电影中的醒目之作。,11,5,asian-film-of-the-year-the-world-of-love,THE WORLD OF LOVE,世界的主人,2025,,,,,,,,,,,,https://www.imdb.com/find/?q=THE+WORLD+OF+LOVE+2025&s=tt&ttype=ft,
17,asian-film-of-the-year,Asian Film of the Year,年度亚洲电影,Asian Film,年度亚洲,Section,单元,#2f6f6a,Standout features from across the Asian production landscape.,本年度亚洲电影中的醒目之作。,11,6,asian-film-of-the-year-ah-girl,AH GIRL,泡泡糖女孩,2026,Ang Geck Geck,,99,Singapore,,ZH,,"Singapore, 1994. Ah Girl is a curious 7-year-old girl. Since her parents separated, she lives in a small flat with her younger sister, Ah Tian, her easygoing Pa who works nightshifts, and her irritable Grandmother. They see their needy and unreliable Mum on weekends. One weekend, drunk Mum asks if Ah Girl wants to live with her when she gets a bigger flat. This question disrupts Ah Girl's sense of the world, and the rest of the film unfolds as she struggles with the decision. She becomes increasingly aware that her family life is far from normal.",七岁女孩经历父母分居，被迫早熟，觉得大人都是骗人的。国家开始全面禁售香口胶，她偷偷卖吹波胶给同学谋利。暗恋班上男孩，留长发渴望吸引注意。有时候觉得男仔头妹妹很烦，但始终跟她难离难舍。寄居祖母家，爸爸吊儿郎当，不停换女朋友。周末才见到的妈妈，打扮漂亮却不快乐。,https://image.tmdb.org/t/p/w500/zbJtZcDdAlzvB2l5FgnxukWhmkO.jpg,tt35683770,https://www.imdb.com/title/tt35683770/,747509
17,asian-film-of-the-year,Asian Film of the Year,年度亚洲电影,Asian Film,年度亚洲,Section,单元,#2f6f6a,Standout features from across the Asian production landscape.,本年度亚洲电影中的醒目之作。,11,7,asian-film-of-the-year-sink,SINK,沉没,2025,,,,,,,,,,,,https://www.imdb.com/find/?q=SINK+2025&s=tt&ttype=ft,
17,asian-film-of-the-year,Asian Film of the Year,年度亚洲电影,Asian Film,年度亚洲,Section,单元,#2f6f6a,Standout features from across the Asian production landscape.,本年度亚洲电影中的醒目之作。,11,8,asian-film-of-the-year-full-plate,FULL PLATE,满盘皆忙,2025,Tannishtha Chatterjee,,109,India,,HI,,"Amreen is a Muslim woman with a talent for cooking. After her husband Imtiaz is injured in an accident, she decides to become the breadwinner. Despite family opposition and difficulty finding work due to prejudice against her black hijab, she lands her first job as a cook for a vegan couple, Parul and Vinod. Although Amreen initially struggles with unfamiliar ingredients and strange cooking methods, she gains recognition and becomes highly sought after. Yet in doing so, her husband's position as head of the household inevitably weakens.","阿姆琳是一位极具烹饪天赋的穆斯林女性。丈夫因提亚兹在一场事故中受伤后，她决定承担起养家的责任。尽管遭到家人反对，还因戴着黑色头巾受到偏见、找工作屡屡碰壁，她最终还是找到了第一份工作 —— 给帕鲁尔和维诺德这对严格素食的夫妇当厨师。 　　起初，阿姆琳面对陌生的食材和特殊的烹饪方式手足无措，但凭借实力逐渐获得认可，成了备受青睐的厨师。然而，她的成功却不可避免地削弱了丈夫作为一家之主的地位。 　　在这对夫妻面临 18 年婚姻中最大危机的过程里，导演塔妮莎・查特吉全力展现了一位女性反抗习俗与传统压迫的勇气。影片中偶尔穿插的幽默场景，搭配阿姆琳的想象，为观众带来喘息的空间，也营造出欢快的魔幻时刻。或许，我们都只需要一抹亮色来度过难关 —— 那抹我们总在梦里见到，却不知是否真的存在过的色彩。",https://image.tmdb.org/t/p/w500/hIhkAW6EGUfK0kJgjL3OYU1vdOu.jpg,tt32454557,https://www.imdb.com/title/tt32454557/,1535954
17,asian-film-of-the-year,Asian Film of the Year,年度亚洲电影,Asian Film,年度亚洲,Section,单元,#2f6f6a,Standout features from across the Asian production landscape.,本年度亚洲电影中的醒目之作。,11,9,asian-film-of-the-year-ky-nam-inn,KY NAM INN,奇南客栈,2025,Leon Lê,,140,Vietnam,,VI,,"Set in 1985 post-war Vietnam, Khang moves to Saigon after securing a position to translate ""The Little Prince."" Due to his family connections, Khang's life under the new regime is secure. But everything changes when he meets Ky Nam, a reserved older widow who lives in Khang's new community.",1985年，战后的西贡仍处于改革开放之际，巷弄街灯昏黄，社区大门紧闭，年轻译者准备搬进，却苦不得其门而入，好在女子顺手相助，留下彼此难忘的那夜相识。他肩负着〈小王子〉重新出版的翻译工作，但目光却总是追寻着经营社区小餐馆的她。走廊擦肩问候、邻里谈天齐聚，无数个夜，那朵玫瑰，悄然在他的心里曼延滋长⋯⋯,https://image.tmdb.org/t/p/w500/6Av8MS7I5K251bMofglA9Qv2Xaa.jpg,tt36616095,https://www.imdb.com/title/tt36616095/,1516884
17,asian-film-of-the-year,Asian Film of the Year,年度亚洲电影,Asian Film,年度亚洲,Section,单元,#2f6f6a,Standout features from across the Asian production landscape.,本年度亚洲电影中的醒目之作。,11,10,asian-film-of-the-year-the-king-s-warden,THE KING'S WARDEN,与王生活的男人,2026,Chang Hang-jun,,117,South Korea,,KO,,"In a remote mountain village of 15th-century Joseon, humble headman Heung-do hears a rumor that any village hosting an exiled nobleman will be blessed with abundance and fortune. Hoping to bring prosperity to his impoverished community, he eagerly submits a petition to host one—unaware that his guest is none other than the fallen monarch, deposed boy-king Danjong.",　　1457年，为了生活困苦的村民们，村长严兴道致力将清泠浦变成流放地，而就在村里迎来了惨遭流放的年幼君王李弘𬀩后，严兴道才发现这件事不如起初所想的那么简单……,https://image.tmdb.org/t/p/w500/3CnVA1jAA64Q3qNVAW8DekCu19b.jpg,tt38626703,https://www.imdb.com/title/tt38626703/,1321179
17,asian-film-of-the-year,Asian Film of the Year,年度亚洲电影,Asian Film,年度亚洲,Section,单元,#2f6f6a,Standout features from across the Asian production landscape.,本年度亚洲电影中的醒目之作。,11,11,asian-film-of-the-year-gohan,GOHAN,心犬相随,2026,Nattawut Poonpiriya,,145,Thailand,,TH,,"The bonds between humans and animals following a stray dog named Gohan as it moves through life with temporary owners over a decade, through good times and bad times, joy and sorrow, hellos and goodbyes.","　　影片以细腻的叙事串联起三段跨越十年的缘分，透过一只狗纯净的眼睛，折射出人类的孤独、勇气与希望。 　　2016年，退休日本工程师弘志在泰国偶然遇见蜷缩在便利店外的小白狗“Gohan”。从最初简单的喂食，到后来深刻的陪伴，Gohan让他重新感受到生活的温情。 　　2021年，缅甸籍女佣南查目睹雇主虐待一只被遗弃的狗，毅然决定救走它，并将它改名为“Brownie”。一人一狗展开了一场惊心动魄的逃亡之旅。 　　2026年，迷茫的大学生佩莱遇见了一只年迈病重的流浪狗，他为它取名“Hima”。在照顾Hima最后时光的过程里，佩莱尝试挽回逝去的感情，也逐渐在痛苦与怜悯中学会了如何真正去爱。",https://image.tmdb.org/t/p/w500/AqfICSOx9jBj8mcpIPqUINSNlT5.jpg,tt36958999,https://www.imdb.com/title/tt36958999/,1319522
18,midnight-fright,Midnight Fright,午夜惊奇,Midnight,午夜,Section,单元,#1a1a3a,Late-night genre cinema — restored shocks and contemporary scares.,午夜场的类型电影——修复经典与当代惊悚。,5,1,midnight-fright-carrie,CARRIE,魔女嘉莉,1976,Brian De Palma,,98,United States of America,,EN,4K,"Withdrawn and sensitive teenager Carrie White faces bullying from her classmates and abuse from her fanatically pious mother. When she begins to suspect that she has supernatural powers, things take a dark and violent turn.",内向孤僻的少女卡丽·怀特长期受专制宗教母亲的庇护，在毕业舞会上遭同学羞辱后，她潜藏的心灵感应能力骤然爆发。,https://image.tmdb.org/t/p/w500/8tT1rqlsTguyfUBMrbHR9cv1rxM.jpg,tt0074285,https://www.imdb.com/title/tt0074285/,7340
18,midnight-fright,Midnight Fright,午夜惊奇,Midnight,午夜,Section,单元,#1a1a3a,Late-night genre cinema — restored shocks and contemporary scares.,午夜场的类型电影——修复经典与当代惊悚。,5,2,midnight-fright-the-weed-eaters,THE WEED EATERS,噬草者,2025,Callum Devlin,,81,New Zealand,,EN,,Four slacker friends on a rural New Year’s getaway stumble across their reclusive host’s deadly stash: a killer strain of weed that makes unsuspecting stoners crave human flesh.,,https://image.tmdb.org/t/p/w500/2TmWYXesOwCq7zPTDjvjLivJw2S.jpg,tt35667902,https://www.imdb.com/title/tt35667902/,1474628
18,midnight-fright,Midnight Fright,午夜惊奇,Midnight,午夜,Section,单元,#1a1a3a,Late-night genre cinema — restored shocks and contemporary scares.,午夜场的类型电影——修复经典与当代惊悚。,5,3,midnight-fright-undertone,UNDERTONE,暗流低语,2026,Ian Tuason,,94,"Canada, United States of America",,EN,4K,The host of a popular paranormal podcast becomes haunted by terrifying recordings mysteriously sent her way.,伊薇（尼娜·凯莉 Nina Kiri 饰）肩负着照顾临终母亲的重任，她渴望逃离支离破碎的现实带来的孤独感。如今，她住在一间堆满感伤纪念品和回忆的房子里，理智和生活秩序都维系在她制作的超自然播客节目《底音》上。虽然她通常对搭档贾斯汀发给她的那些令人毛骨悚然的音频文件持怀疑态度，但最新收到的音频却让她感到不同寻常。一对年轻备孕夫妇的十段从未公开录音逐一揭晓，每一段都比上一段更加不祥。随着伊薇将这些录音与她目前的遭遇进行对比，隐藏的信息逐渐显现，将她推向疯狂的边缘……,https://image.tmdb.org/t/p/w500/2PFgFMnrdCPXWiZl1PUvky7Mo9D.jpg,tt35892608,https://www.imdb.com/title/tt35892608/,1480387
18,midnight-fright,Midnight Fright,午夜惊奇,Midnight,午夜,Section,单元,#1a1a3a,Late-night genre cinema — restored shocks and contemporary scares.,午夜场的类型电影——修复经典与当代惊悚。,5,4,midnight-fright-black-phone-2,BLACK PHONE 2,黑色电话2,2025,Scott Derrickson,,114,United States of America,,EN,4K,"Four years after defeating The Grabber, Finney Blake is struggling with life after captivity. When his younger sister Gwen begins receiving calls in her dreams from the Black Phone and seeing disturbing visions of three boys being stalked at a winter camp, the siblings become determined to solve the mystery and confront a killer who has grown more powerful in death and more significant to them than either could imagine.",在逃离“掳童怪”的四年后，芬尼·布莱克依然难以从那段被囚禁的经历中恢复。妹妹格温在梦中开始接到来自那部黑色电话的来电，并看见三个男孩在冬令营中被神秘人跟踪的可怕景象。兄妹俩决定揭开真相，直面那个在死后变得更为强大、也与他们命运纠缠得愈发紧密的杀手。,https://image.tmdb.org/t/p/w500/gFddBLQ8wj9M9O82iPzgX5KVNHz.jpg,tt29644189,https://www.imdb.com/title/tt29644189/,1197137
18,midnight-fright,Midnight Fright,午夜惊奇,Midnight,午夜,Section,单元,#1a1a3a,Late-night genre cinema — restored shocks and contemporary scares.,午夜场的类型电影——修复经典与当代惊悚。,5,5,midnight-fright-becoming-human,BECOMING HUMAN,影院灵缘,2025,Polen Ly,,99,Cambodia,,KM,,"Thida, the spirit guardian of an old cinema facing demolition, must confront her existence as a ghost and the choice of rebirth. When she meets Hai, a living human with whom she forms a deep bond, their connection forces her to face not only her spiritual destiny but also the realities of a country undergoing profound economic and social change.",旧戏院将被拆卸，守护此地的幽灵必须作出决定：要么做鬼，要么重生为人。正当她为前路感到迷茫困扰，竟遇上一位同样茫然惆怅但活生生的人类。两人在柬埔寨壮丽自然景观下低语相伴，在彼此中找到慰藉。导演首部剧情长片，以超现实角度响应柬埔寨大屠杀遗留的伤痕；社会遭逢巨变，新旧创伤不断交织，但脆弱或能透过连接转化为坚韧。人生纵然苦短，倘若有机会，你又会否选择重生为人？,https://image.tmdb.org/t/p/w500/a8M0VtllI5p9Zt6fjywSq3cx2yP.jpg,tt37651659,https://www.imdb.com/title/tt37651659/,1510537
19,dostoyevsky,Soil & Soul: Dostoyevsky on Screen,特别策划 ｜ 泥土与灵魂：陀思妥耶夫斯基的银幕变奏,Dostoyevsky on Screen,陀思妥耶夫斯基,Special Selection,特别策划,#7a3a30,"Five screen variations on the Russian master, from Bresson's chamber severity to Villeneuve's mirrored unease.",陀思妥耶夫斯基的五次银幕变奏，从布列松的室内严苛，到维伦纽瓦的双生不安。,6,1,dostoyevsky-pickpocket,PICKPOCKET,扒手,1959,Robert Bresson,罗贝尔·布列松,76,France,法国,French,,"Bresson's elliptical adaptation of Crime and Punishment as a study of a young Parisian thief — gestures of hands, the architecture of guilt.",布列松将《罪与罚》缩进巴黎街头一位扒手的双手与目光之间。手部动作的精确编排，构成了罪与悔的几何。,https://image.tmdb.org/t/p/w500/kxpvceDv9fhFc4OAs82fmdzu17Y.jpg,tt0053168,https://www.imdb.com/title/tt0053168/,690
19,dostoyevsky,Soil & Soul: Dostoyevsky on Screen,特别策划 ｜ 泥土与灵魂：陀思妥耶夫斯基的银幕变奏,Dostoyevsky on Screen,陀思妥耶夫斯基,Special Selection,特别策划,#7a3a30,"Five screen variations on the Russian master, from Bresson's chamber severity to Villeneuve's mirrored unease.",陀思妥耶夫斯基的五次银幕变奏，从布列松的室内严苛，到维伦纽瓦的双生不安。,6,2,dostoyevsky-the-brothers-karamazov,THE BROTHERS KARAMAZOV,卡拉马佐夫兄弟,1969,Ivan Pyriev,伊万·皮里耶夫,232,USSR,苏联,Russian,,"A monumental Soviet adaptation of Dostoyevsky's final novel — the four sons, the father, the lacerating question of who is responsible for what.",苏联电影对陀思妥耶夫斯基绝笔之作的宏大改编：四个儿子、一个父亲，以及那个反复撕咬的问题——谁该为这一切负责。,https://image.tmdb.org/t/p/w500/xHgtrCWtcMivzbSZWOtzeW45GrM.jpg,tt0062757,https://www.imdb.com/title/tt0062757/,173962
19,dostoyevsky,Soil & Soul: Dostoyevsky on Screen,特别策划 ｜ 泥土与灵魂：陀思妥耶夫斯基的银幕变奏,Dostoyevsky on Screen,陀思妥耶夫斯基,Special Selection,特别策划,#7a3a30,"Five screen variations on the Russian master, from Bresson's chamber severity to Villeneuve's mirrored unease.",陀思妥耶夫斯基的五次银幕变奏，从布列松的室内严苛，到维伦纽瓦的双生不安。,6,3,dostoyevsky-crime-and-punishment,CRIME AND PUNISHMENT,罪与罚,1983,Lev Kulidzhanov,列夫·库利贾诺夫,209,USSR,苏联,Russian,,"Kulidzhanov's two-part Crime and Punishment, faithful to the novel's interior weather — Raskolnikov in close-up, Petersburg in fog.",库利贾诺夫两部曲式的《罪与罚》，忠实地呈现了小说的内在天气：拉斯科尔尼科夫的特写，与雾中的彼得堡。,https://image.tmdb.org/t/p/w500/2z9EotczX6EY2oxhHU6PnpDmrrI.jpg,tt0086199,https://www.imdb.com/title/tt0086199/,74295
19,dostoyevsky,Soil & Soul: Dostoyevsky on Screen,特别策划 ｜ 泥土与灵魂：陀思妥耶夫斯基的银幕变奏,Dostoyevsky on Screen,陀思妥耶夫斯基,Special Selection,特别策划,#7a3a30,"Five screen variations on the Russian master, from Bresson's chamber severity to Villeneuve's mirrored unease.",陀思妥耶夫斯基的五次银幕变奏，从布列松的室内严苛，到维伦纽瓦的双生不安。,6,4,dostoyevsky-the-double,THE DOUBLE,双重人格,2013,Richard Ayoade,理查德·阿尤阿德,93,United Kingdom,英国,English,,"Ayoade's dread-comic riff on Dostoyevsky's novella — a meek office worker meets the man who is exactly him, only confident.",阿尤阿德将陀思妥耶夫斯基的中篇拍成了焦虑喜剧：怯懦的办公室职员遇见了与自己一模一样、只是更加自信的他。,https://image.tmdb.org/t/p/w500/A9VLTtbUfNSyplayHsD5QLuSPT6.jpg,tt2593290,https://www.imdb.com/title/tt2593290/,164502
19,dostoyevsky,Soil & Soul: Dostoyevsky on Screen,特别策划 ｜ 泥土与灵魂：陀思妥耶夫斯基的银幕变奏,Dostoyevsky on Screen,陀思妥耶夫斯基,Special Selection,特别策划,#7a3a30,"Five screen variations on the Russian master, from Bresson's chamber severity to Villeneuve's mirrored unease.",陀思妥耶夫斯基的五次银幕变奏，从布列松的室内严苛，到维伦纽瓦的双生不安。,6,5,dostoyevsky-enemy,ENEMY,宿敌,2013,Denis Villeneuve,丹尼斯·维伦纽瓦,91,Canada / Spain,加拿大／西班牙,English,,"Villeneuve's Toronto-set doppelgänger thriller, drawing on Saramago and Dostoyevsky alike — a sallow gold-lit unease that does not let go.",维伦纽瓦在多伦多拍摄的双生人惊悚片，兼取材自萨拉马戈与陀思妥耶夫斯基。蜡黄金色的不安，一旦缠上便不肯松开。,https://image.tmdb.org/t/p/w500/3N76HlJc6QtPkMakGyDtVBFoaQe.jpg,tt3187076,https://www.imdb.com/title/tt3187076/,223895
19,dostoyevsky,Soil & Soul: Dostoyevsky on Screen,特别策划 ｜ 泥土与灵魂：陀思妥耶夫斯基的银幕变奏,Dostoyevsky on Screen,陀思妥耶夫斯基,Special Selection,特别策划,#7a3a30,"Five screen variations on the Russian master, from Bresson's chamber severity to Villeneuve's mirrored unease.",陀思妥耶夫斯基的五次银幕变奏，从布列松的室内严苛，到维伦纽瓦的双生不安。,6,6,dostoyevsky-rope,ROPE,夺魂索,1948,Alfred Hitchcock,,81,United States of America,,EN,4K,Two young men attempt to prove they committed the perfect murder by hosting a dinner party for the family of a classmate they just strangled to death.,博兰顿和菲利普都是哈佛的高才生，一天，都是同性恋的两人合谋杀害了同学戴维，并藏尸于一个大箱子中。或许是出于炫耀，他们做出了一个惊人的举动。那就是用装着戴维尸体的箱子当餐桌，邀请了戴维的父母、未婚妻、同学和茹伯特教授来赴宴。他们谎称戴维外出了，和客人们在戴维的“棺材”上进行着宴会。胆小的菲利普从宴会开始就开始坐立不安，但是博兰顿却不慌不忙，在客人中滔滔不绝。然而，聪明的茹伯特教授从博兰顿的谈话中渐渐察觉出事有蹊跷.,https://image.tmdb.org/t/p/w500/9ar6rxLDB8kagAnXZKn6h9smscr.jpg,tt0040746,https://www.imdb.com/title/tt0040746/,1580
20,film-history,From Film History,影史推荐,Film History,影史,Section,单元,#7a5530,A spine of classics — silent to '90s — re-met on the big screen.,一条经典脊柱：从默片到九十年代，重返大银幕。,10,1,film-history-intolerance-love-s-struggle-throughout-the-ages,INTOLERANCE: LOVE'S STRUGGLE THROUGHOUT THE AGES,党同伐异,1916,D.W. Griffith,,197,United States of America,,EN,,"The story of a poor young woman, separated by prejudice from her husband and baby, is interwoven with tales of intolerance from throughout history.",一位贫困少妇因社会偏见被迫与丈夫、婴孩分离的遭遇，与人类历史上诸多关于偏狭迫害的故事古今交织。,https://image.tmdb.org/t/p/w500/lJCabs4TMOsKfnl0BmA5Hf16Ezb.jpg,tt0006864,https://www.imdb.com/title/tt0006864/,3059
20,film-history,From Film History,影史推荐,Film History,影史,Section,单元,#7a5530,A spine of classics — silent to '90s — re-met on the big screen.,一条经典脊柱：从默片到九十年代，重返大银幕。,10,2,film-history-mother,MOTHER,母亲,1926,Vsevolod Pudovkin,弗谢沃洛德·普多夫金,89,USSR,苏联,Silent,,Pudovkin's 1926 adaptation of Gorky's novel — a woman in revolutionary Russia learns whose side she is on.,普多夫金 1926 年改编自高尔基的同名小说：革命中的俄罗斯，一位母亲学到了她该站在哪一边。,https://image.tmdb.org/t/p/w500/u9u71FR74RVndbAbW3rlmts0QyS.jpg,tt0017128,https://www.imdb.com/title/tt0017128/,98914
20,film-history,From Film History,影史推荐,Film History,影史,Section,单元,#7a5530,A spine of classics — silent to '90s — re-met on the big screen.,一条经典脊柱：从默片到九十年代，重返大银幕。,10,3,film-history-waves-washing-the-sand,WAVES WASHING THE SAND,浪淘沙,1936,Wu Yonggang,,68,China,,ZH,,"Returning home from a long voyage overseas, a man finds his wife and child living with another man. Fuelled by anger, he murders the other man and is forced to flee justice, until he faces death on a deserted island.",历经千辛万苦，水手阿龙（金焰 饰）终于乘船返回家乡。他满心欢喜，期待早点儿见到老婆和女儿小龙。下了船，阿龙径直回到家中，也许他太过兴奋，以致于全然没有中遇到邻居脸上流露出来的诡异惊恐的表情。原来老婆背着他在家里偷人，与情夫幽会时甚至将女儿仍在门口不予理睬。当场捉奸的阿龙怒上心头，失手杀死奸夫后转身离去。挂念女儿的阿龙趁夜潜回家中，结果被高傲跋扈的警探老章（章志直 饰）发觉。阿龙侥幸逃脱，从此隐姓埋名，四海流浪。,https://image.tmdb.org/t/p/w500/q8xYJlBTYFnHtaKKYEvDxdLukD0.jpg,tt0806106,https://www.imdb.com/title/tt0806106/,295285
20,film-history,From Film History,影史推荐,Film History,影史,Section,单元,#7a5530,A spine of classics — silent to '90s — re-met on the big screen.,一条经典脊柱：从默片到九十年代，重返大银幕。,10,4,film-history-it-s-a-wonderful-life,IT’S A WONDERFUL LIFE,生活多美好,1946,Frank Capra,,131,United States of America,,EN,4K,"George Bailey has spent his entire life giving to the people of Bedford Falls.  All that prevents rich skinflint Mr. Potter from taking over the entire town is George's modest building and loan company.  But on Christmas Eve the business's $8,000 is lost and George's troubles begin.",一位天使被派往人间，帮助一位万念俱灰的商人，向他展现假如他从未存在过，生活将会是怎样的光景。,https://image.tmdb.org/t/p/w500/bSqt9rhDZx1Q7UZ86dBPKdNomp2.jpg,tt0038650,https://www.imdb.com/title/tt0038650/,1585
20,film-history,From Film History,影史推荐,Film History,影史,Section,单元,#7a5530,A spine of classics — silent to '90s — re-met on the big screen.,一条经典脊柱：从默片到九十年代，重返大银幕。,10,5,film-history-the-searchers,THE SEARCHERS,搜索者,1956,John Ford,约翰·福特,119,USA,美国,English,4K,"Ford's Monument Valley elegy — Ethan Edwards walks for years looking for his niece, and for whatever's still in him.",福特拍下的纪念碑谷挽歌：伊森·爱德华兹走了多年，去找他的侄女，也去找他体内还剩下什么。,https://image.tmdb.org/t/p/w500/jLBmgW0epNzJ1N9uzaVCjbyT94v.jpg,tt0049730,https://www.imdb.com/title/tt0049730/,3114
20,film-history,From Film History,影史推荐,Film History,影史,Section,单元,#7a5530,A spine of classics — silent to '90s — re-met on the big screen.,一条经典脊柱：从默片到九十年代，重返大银幕。,10,6,film-history-come-drink-with-me,COME DRINK WITH ME,大醉侠,1966,King Hu,胡金铨,91,"Hong Kong, China",中国香港,Mandarin,4K,"King Hu's wuxia milestone — Golden Swallow, the inn, the bandits, the choreography that became a vocabulary.",胡金铨的武侠里程碑——金燕子、客栈、群匪，与日后成为类型语汇的动作编排。,https://image.tmdb.org/t/p/w500/bVQhrpCfMZy8YoiAmbze1qWIoho.jpg,tt0059079,https://www.imdb.com/title/tt0059079/,26259
20,film-history,From Film History,影史推荐,Film History,影史,Section,单元,#7a5530,A spine of classics — silent to '90s — re-met on the big screen.,一条经典脊柱：从默片到九十年代，重返大银幕。,10,7,film-history-the-cassandra-crossing,THE CASSANDRA CROSSING,卡桑德拉大桥,1976,George P. Cosmatos,乔治·P·考斯马图斯,129,United Kingdom / Italy,英国／意大利,English,,"A transcontinental train carries a contagion toward a condemned bridge. Sophia Loren, Richard Harris.",一列跨洲列车载着一种瘟疫，驶向一座废弃的桥。索菲娅·罗兰、理查德·哈里斯主演。,https://image.tmdb.org/t/p/w500/3WKV7PPWp6ybjibhZF6AMfFErqp.jpg,tt0074292,https://www.imdb.com/title/tt0074292/,32037
20,film-history,From Film History,影史推荐,Film History,影史,Section,单元,#7a5530,A spine of classics — silent to '90s — re-met on the big screen.,一条经典脊柱：从默片到九十年代，重返大银幕。,10,8,film-history-the-terrorist,THE TERRORIST,恐怖分子,1986,Edward Yang,,109,Taiwan,,ZH,,"An uncompromising look into urban life from the eyes of a voyeuristic photographer, a rebellious teenager, and a married couple teetering on the edge of adultery.","　　老顾（顾宝明 饰）率领警察捣毁一个贼窝，唯一跳窗逃走的女孩淑安腿骨折断，被路过的男孩小强送去医院。 　　淑安返家后，被母亲关在家中，无聊时四处打电话恶作剧，其中一个电话打给了一个叫周郁芳（缪骞人 饰）的女人，她假冒是周的丈夫在外面的女友，怀孕了要她出来谈判。周郁芬嫁给李立中（李立群 饰）已经有七年，丈夫是个安分守己的男人，在一家医院工作。结婚后她辞了工作，在家写作。匿名电话深深刺激了周郁芬，她对生活失去信心，而旧情人沈维彬（金士杰 饰）的出现也给了她希望，于是她暂时离开李立中，小说也获了奖。 　　分居使得李立中十分苦恼，后来他得知妻子离去只是因为一个电话，急于解释但并不奏效，最后铤而走险……",https://image.tmdb.org/t/p/w500/7uX1PVn9Tob81hqwdzAjqPeaXZO.jpg,tt0091355,https://www.imdb.com/title/tt0091355/,78450
20,film-history,From Film History,影史推荐,Film History,影史,Section,单元,#7a5530,A spine of classics — silent to '90s — re-met on the big screen.,一条经典脊柱：从默片到九十年代，重返大银幕。,10,9,film-history-the-english-patient,THE ENGLISH PATIENT,英国病人,1996,Anthony Minghella,安东尼·明格拉,162,USA / UK,美国／英国,English,,"A burned man in a Tuscan villa remembers North Africa, a wife, and a desert that owes him nothing.",托斯卡纳别墅中的烧伤者，回忆起北非、一位妻子，以及一片对他毫无亏欠的沙漠。,https://image.tmdb.org/t/p/w500/8eHHqMg8qEYtVw8LQLygsHXSR2q.jpg,tt0116209,https://www.imdb.com/title/tt0116209/,409
20,film-history,From Film History,影史推荐,Film History,影史,Section,单元,#7a5530,A spine of classics — silent to '90s — re-met on the big screen.,一条经典脊柱：从默片到九十年代，重返大银幕。,10,10,film-history-the-roof,THE ROOF,屋顶,1956,Vittorio De Sica,,97,Italy,,IT,,"Under provincial Italian law at the time, once a roof is erected, the occupants cannot be evicted from a building. This comedy follows the efforts of a family to erect the roof on a house overnight so that a newlywed couple can have their own home.",德西卡作品，此片秉承了意大利现实主义精髓，关注战后普通民生，剧情一波三折，演员演技精湛，镜头也十分讲究；一对相爱的小夫妻苦于无地可住（说明蜗居之苦，全世界各年代通用），在遭遇家庭排挤、投奔朋友无解、租房无望后，急中生智，充分利用丈夫的手艺行当，意欲在一夜之间令“江山大改”，虽最后紧急关头屋顶尚留一方空白，但结尾处警察的高抬贵手，给本片留下温馨余味；片名《屋顶》乃本片泉眼，处处着眼，并担当了屋子和家庭的象征。,https://image.tmdb.org/t/p/w500/xiBsp3DTOSJLoLuUPBmfw5iHiXW.jpg,tt0049839,https://www.imdb.com/title/tt0049839/,113936
21,blow-up,Blow-Up,放大,Blow-Up,放大,Section,单元,#4a3a2a,"Genre cinema at scale — sharp, propulsive, made to be seen big.",类型电影的放大尺寸——锋利、推进，且必须在大银幕观看。,5,1,blow-up-conrad-crab-idiotic-gems,CONRAD & CRAB – IDIOTIC GEMS,圣玛丽矿镇谜案,2026,Claude Schmitz,,96,"Belgium, France",,FR,,"Two less-than-splendid members of the judicial police of Perpignan arrive in the small town of Sainte-Marie-aux-Mines to watch over activities at the local gem market fair. In investigating a seemingly trivial matter, they stumble onto a potentially bigger criminal network.",,https://image.tmdb.org/t/p/w500/8thenzEeFqv5O02iwmPdVaK0nVo.jpg,tt38504753,https://www.imdb.com/title/tt38504753/,1273296
21,blow-up,Blow-Up,放大,Blow-Up,放大,Section,单元,#4a3a2a,"Genre cinema at scale — sharp, propulsive, made to be seen big.",类型电影的放大尺寸——锋利、推进，且必须在大银幕观看。,5,2,blow-up-code-3,CODE 3,三级警戒,2025,Christopher Leone,,100,United States of America,,EN,,A burned-out paramedic tries to survive his last 24 hours on the job while training a new recruit.,影片讲述了一位24小时轮班、忙碌、劳累过度、几乎精疲力竭的急救员的故事。Randy是一名急救员，他因工作过度疲惫，甚至想辞职。在他最后一天的工作中，他的主管Shanice安排了一位学生Jessica陪他一起上岗。Randy的急救搭档Mike也加入了他的行列。Randy的最后一天充满了冒险——但对他和Mike来说，这只是办公室里普通的一天。,https://image.tmdb.org/t/p/w500/gIAYMDb5mIAeCAj76q1sRsKjkzo.jpg,tt26394837,https://www.imdb.com/title/tt26394837/,1161617
21,blow-up,Blow-Up,放大,Blow-Up,放大,Section,单元,#4a3a2a,"Genre cinema at scale — sharp, propulsive, made to be seen big.",类型电影的放大尺寸——锋利、推进，且必须在大银幕观看。,5,3,blow-up-new-money,NEW MONEY,新钱游戏,2025,,,,,,,,,,,,https://www.imdb.com/find/?q=NEW+MONEY+2025&s=tt&ttype=ft,
21,blow-up,Blow-Up,放大,Blow-Up,放大,Section,单元,#4a3a2a,"Genre cinema at scale — sharp, propulsive, made to be seen big.",类型电影的放大尺寸——锋利、推进，且必须在大银幕观看。,5,4,blow-up-you-drive-me-crazy,YOU DRIVE ME CRAZY,爱上平行时空的你,2025,Darya Lebedeva,,99,Russia,,RU,,"Alisa moves into a spacious apartment in St. Petersburg, where the mirror starts to malfunction, showing the young lodger a parallel reality of the same apartment. Only it is not Alisa who lives in this parallel reality, but the party animal Ivan. Will the young people be able to recognize true love and will they be able to unite their worlds in order to meet in reality and simply touch each other?",　　艾莉莎和伊万在看房时相遇，为了租到房子假扮夫妻。在争夺租房合同时，艾莉莎泼了伊万咖啡，抢先签了合同。这个选择导致了平行世界的产生：在艾莉莎的世界里她租到了房子，在伊万的世界里他租到了房子。两人通过镜子互动，从最初的互相嫌弃到逐渐了解，发现只有镜子对面的那个人才是真正理解自己的灵魂伴侣。最终，艾莉莎砸碎镜子，意外打通了两个世界，两人得以在现实中相遇。,https://image.tmdb.org/t/p/w500/uk20xvDxx36RAOnYCy86yiUGFP8.jpg,tt33086385,https://www.imdb.com/title/tt33086385/,1489187
21,blow-up,Blow-Up,放大,Blow-Up,放大,Section,单元,#4a3a2a,"Genre cinema at scale — sharp, propulsive, made to be seen big.",类型电影的放大尺寸——锋利、推进，且必须在大银幕观看。,5,5,blow-up-dream-scenario,DREAM SCENARIO,梦想情景,2023,Kristoffer Borgli,,102,United States of America,,EN,,"Hapless family man Paul Matthews finds his life turned upside down when millions of strangers suddenly start seeing him in their dreams. But when his nighttime appearances take a nightmarish turn, Paul is forced to navigate his newfound stardom.",保罗·马修斯是一个无精打采的居家男人，终身教授，对进化生物学有着浓厚的兴趣，对自己的匿名性感到焦虑。有一天，他发现自己开始以指数级的速度出现在别人的梦中。和生活中一样，他在这些梦中的存在是平庸的，没有侵扰性的——他只是在那里，漠不关心地盯着陌生人的幻想和噩梦。尽管如此，他一夜成名，很快就受到了长期以来一直被否认的关注。但是，当保罗遇到一个做梦的人，他对自己的看法与正常人大相径庭时，他发现自己正在与浮士德式的名声交易作斗争，因为他的梦中自我在各自的潜意识中开始莫名其妙地变得暴力。,https://image.tmdb.org/t/p/w500/2RSMu2iMDCdMKmvBWWvcmE8vjMj.jpg,tt21942866,https://www.imdb.com/title/tt21942866/,823482
22,breakaway,Breakaway: Sports on Screen,破风,Breakaway,破风,Section,单元,#2a6a8a,"Films of effort and exhilaration — athletes, teams, and the line that gets crossed.",关于全力以赴与冲线时刻的体育电影。,6,1,breakaway-football-fans,FOOTBALL FANS,球迷,1962,,,,,,,,,,,,https://www.imdb.com/find/?q=FOOTBALL+FANS+1962&s=tt&ttype=ft,
22,breakaway,Breakaway: Sports on Screen,破风,Breakaway,破风,Section,单元,#2a6a8a,"Films of effort and exhilaration — athletes, teams, and the line that gets crossed.",关于全力以赴与冲线时刻的体育电影。,6,2,breakaway-space-jam,SPACE JAM,空中大灌篮,1996,Joe Pytka,,87,United States of America,,EN,,"With their freedom on the line, the Looney Tunes seek the help of NBA superstar Michael Jordan to win a basketball game against a team of moronic aliens.",　　美国NBA传奇人物迈克尔·乔丹在事业最顶峰之际引退篮坛，决定转入职棒。与此同时，怪物行星的太空游乐场经营遭遇窘境，游乐场老板派出手下的小怪物们前往地球，目的是绑架华纳公司包括兔八哥、太妃鸭、三只小猪等在内的动画片明星们为游乐场招揽顾客。为了维护自由，动画明星们紧急磋商对策，他们自作聪明认为外星怪物身材短小，于是决定采取篮球比赛的方式决定胜负。不过动画明星的如意算盘落空，小怪物们暗中盗取了皮蓬、巴克利等NBA明星们的球技，变成了身形健壮修长、球技高超的怪物篮球手。眼看败局已定，兔八哥紧急找来迈克尔·乔丹助阵，决定动画明星去留的时刻越来越近……,https://image.tmdb.org/t/p/w500/4RN5El3Pj2W4gpwgiAGLVfSJv2g.jpg,tt0117705,https://www.imdb.com/title/tt0117705/,2300
22,breakaway,Breakaway: Sports on Screen,破风,Breakaway,破风,Section,单元,#2a6a8a,"Films of effort and exhilaration — athletes, teams, and the line that gets crossed.",关于全力以赴与冲线时刻的体育电影。,6,3,breakaway-ping-pong-the-triumph,PING PONG: THE TRIUMPH,中国乒乓之绝地反击,2023,Yu Baimei,,140,China,,ZH,,"In the early 1990s when the Chinese men's table tennis team is at a low ebb, head coach Cai Zhenhua is tasked with forming a new team to finally fight to the top at the 1995 World Ping Championship in Tianjin, China.",电影向中国乒乓精神致敬！故事讲述了90年代初中国乒乓男团处于低谷期，蔡振华教练临危受命组建新队伍，带领马文革、王涛、丁松、刘国梁、孔令辉五名运动员，在1995年天津世乒赛绝地反击、重回巅峰的热血故事。,https://image.tmdb.org/t/p/w500/ybx2iOsx6lTRlmSAphaeNm21SVk.jpg,tt25730402,https://www.imdb.com/title/tt25730402/,1022150
22,breakaway,Breakaway: Sports on Screen,破风,Breakaway,破风,Section,单元,#2a6a8a,"Films of effort and exhilaration — athletes, teams, and the line that gets crossed.",关于全力以赴与冲线时刻的体育电影。,6,4,breakaway-maria-vito-ria,MARIA VITÓRIA,足球少女玛丽亚,2025,Mário Patrocínio,,114,Portugal,,PT,,"Maria Vitória lives in a remote village in the Portuguese mountains and plays football on the local boys youth team. Determined to become a professional, she devotes all her free time to intense training with her father. Their routine is shaken by the unexpected return of her older brother, who left many years earlier after a tragic fire that took their mother’s life. As she prepares for the most important match of her life, Maria begins to question her father’s authority and gradually seeks a way to break free and take control of her own future.",,https://image.tmdb.org/t/p/w500/rZ79RLKS3G9X1VVdI8Ju4iTIecM.jpg,tt33053905,https://www.imdb.com/title/tt33053905/,1553884
22,breakaway,Breakaway: Sports on Screen,破风,Breakaway,破风,Section,单元,#2a6a8a,"Films of effort and exhilaration — athletes, teams, and the line that gets crossed.",关于全力以赴与冲线时刻的体育电影。,6,5,breakaway-rowing-for-gold,ROWING FOR GOLD,奥林匹斯的先驱,2025,Artyom Mikhalkov,,107,Russia,,RU,,"Young survivor of the siege Yura Tyukalov came to sports after the war, when it seemed he had no strength to live, let alone to conduct grueling training in academic rowing. But after meeting coaches Mikhail and Vera Savrimovich, Yura gets a second wind and starts life anew. Fates, burned by the war, unite in a team where everyone supports and inspires each other. Victories are not easy, but Yura has love, talent and a native team that is unstoppable: their goal is the Olympics in Helsinki.",根据真实故事改编，来自列宁格勒围困时期的少年尤拉·秋卡洛夫，在战后一度失去活下去的力气，却在遇到教练夫妇后重获新生。从死亡边缘到赛艇巅峰，他用坚韧证明——人的精神力量，足以在最艰难的时刻创造奇迹。,https://image.tmdb.org/t/p/w500/17F8hYEAKZjP7dKex96jSJRqGuo.jpg,tt30425537,https://www.imdb.com/title/tt30425537/,1273698
22,breakaway,Breakaway: Sports on Screen,破风,Breakaway,破风,Section,单元,#2a6a8a,"Films of effort and exhilaration — athletes, teams, and the line that gets crossed.",关于全力以赴与冲线时刻的体育电影。,6,6,breakaway-the-american-dream,THE AMERICAN DREAM,扣篮梦工厂,2026,Anthony Marciano,,122,"France, Canada",,FR,,"No one would have bet on Jérémy, stuck behind the counter of a video store, or on Bouna, who cleans airports. With no money, no connections, and painfully poor English, who could have predicted they’d one day become big-name agents in the NBA? What they lack in experience, they will make up for in audacity, while remaining true to their one credo, doing business with a human touch. Scouting raw talent while improvising their way up, they’ll fake it until they make it – chasing their American Dream and landing multi-million-dollar deals.",,https://image.tmdb.org/t/p/w500/uXGqYv2cahBG062OQ93oMqWQCs5.jpg,tt36313062,https://www.imdb.com/title/tt36313062/,1365378
23,4k-restoration,4K Restoration,4K修复,4K Restoration,4K 修复,Section,单元,#7a5045,Classics returned to the screen in newly minted 4K — from postwar Shanghai to New Hollywood.,从战后上海到新好莱坞——以全新 4K 修复重回银幕的经典。,17,1,4k-restoration-eight-thousand-li-of-cloud-and-moon,EIGHT THOUSAND LI OF CLOUD AND MOON,八千里路云和月,1947,Shi Dongshan,,124,China,,ZH,4K,A college girl and a musician go to the front of the anti-Japanese war and fall in love.,　　上海某大学女生江玲玉（白杨 饰）寄居在姨母家。抗战爆发后，她不顾家人反对阻止，毅然参加抗日救亡演剧队，到抗战前沿作鼓动宣传。与她同在一起的音乐家高礼彬（陶金 饰）是个热血青年，两人逐渐相爱。演剧队随着战事的发展，辗转来到陪都重庆，表兄周家荣（高正 饰）此时在渝做投机生意并纠缠江玲玉，遭江拒。抗战胜利后，变成“接收大员”的周家荣大发国难财，而结婚后的江玲玉和高礼彬却一贫如洗、捉襟见肘，幸得旧友夏光原（石羽 饰）相助，租了个亭子间栖身。长期的颠沛流离加上营养不良，当教员的礼彬患了肺病，担心国家前途命运的玲玉，不顾身怀有孕，奋笔疾书，揭发“劫收”大员们肮脏的嘴脸，终因体力不支，昏倒街头......,https://image.tmdb.org/t/p/w500/1mmmH9M937DRL2LQwlsOecB608y.jpg,tt0471087,https://www.imdb.com/title/tt0471087/,443214
23,4k-restoration,4K Restoration,4K修复,4K Restoration,4K 修复,Section,单元,#7a5045,Classics returned to the screen in newly minted 4K — from postwar Shanghai to New Hollywood.,从战后上海到新好莱坞——以全新 4K 修复重回银幕的经典。,17,2,4k-restoration-one-flew-over-the-cuckoo-s-nest,ONE FLEW OVER THE CUCKOO’S NEST,飞越疯人院,1975,Miloš Forman,,133,United States of America,,EN,4K,"A petty criminal fakes insanity to serve his sentence in a mental ward rather than prison. He soon finds himself as a leader to the other patients—and an enemy to the cruel, domineering nurse who runs the ward.",在州立精神病院里休养总比蹲监狱强，对吧？兰德尔·P·麦克墨菲（杰克·尼科尔森 饰），一个血管里流淌着闪电、舌绽莲花的自由派骗子，装疯混进了他所谓的“疯子们”中间。很快，他那极具感染力的无序感便与麻木的例行程序发生冲撞。当世界大赛正酣时，这群被镇静剂泡透的家伙怎能披着浴袍拖沓度日？这意味着战争！一方是麦克墨菲，另一方则是轻声细语的拉契特护士（路易丝·弗莱彻 饰）——这位影史上最冷酷可怕的恶魔之一。而赌注，是整个病房每位患者的命运。,https://image.tmdb.org/t/p/w500/kjWsMh72V6d8KRLV4EOoSJLT1H7.jpg,tt0073486,https://www.imdb.com/title/tt0073486/,510
23,4k-restoration,4K Restoration,4K修复,4K Restoration,4K 修复,Section,单元,#7a5045,Classics returned to the screen in newly minted 4K — from postwar Shanghai to New Hollywood.,从战后上海到新好莱坞——以全新 4K 修复重回银幕的经典。,17,3,4k-restoration-network,NETWORK,电视台风云,1976,Sidney Lumet,,122,United States of America,,EN,4K,"When veteran anchorman Howard Beale is forced to retire his 25-year post because of his age, he announces to viewers that he will kill himself during his farewell broadcast. Network executives rethink their decision when his fanatical tirade results in a spike in ratings.",这部由西德尼·吕美特执导、帕迪·查耶夫斯基执笔犀利剧本的媒体讽刺剧，犹如一剂X光，透视了企业主导下美国的腐朽灵魂，其对今日煽动性新闻循环的预见力惊人。在一家挣扎求存的电视网里，野心勃勃的高管戴安娜·克里斯滕森（费·唐纳薇 饰）偶然发现爆款——当心怀不满的新闻主播霍华德·比尔（彼得·芬奇 饰）脱离讲稿，变身愤怒的“狂人先知”，痛斥现代社会弊病。然而，她能否控制住他们在电波中掀起的这场民粹风暴？这部毫无保留的新好莱坞经典作品斩获四项奥斯卡奖（包括唐纳薇、芬奇与查耶夫斯基所获奖项），至今仍保持着无畏的幽默感与令人不安的现实意义。,https://image.tmdb.org/t/p/w500/qZomlHsaALUtkFeMDwdYmwS2Pbo.jpg,tt0074958,https://www.imdb.com/title/tt0074958/,10774
23,4k-restoration,4K Restoration,4K修复,4K Restoration,4K 修复,Section,单元,#7a5045,Classics returned to the screen in newly minted 4K — from postwar Shanghai to New Hollywood.,从战后上海到新好莱坞——以全新 4K 修复重回银幕的经典。,17,4,4k-restoration-umrao-jaan,UMRAO JAAN,勒克瑙之花,1981,Muzaffar Ali,,150,India,,HI,4K,"Amiran is sold to a brothel by a corrupt cop after her father testifies against him. Many years later, she grows up to be an accomplished poetess and a renowned courtesan, Umrao Jaan.",在英屬印度的法紮巴德，迪拉瓦爾在阿米蘭的印度陸軍尉官父親作證後，被判處幾年監禁。 1840年左右，他綁架了阿米蘭並把她賣給了舞館，以此來報復。 就在這裡，阿米蘭被重新取名為烏穆羅·賈安。 幾年後，烏穆羅長大了，她是一比特傑出的女詩人和舞女。 年輕的納瓦布·蘇坦被烏穆羅的美貌和她的詩歌所折服，但最終他被迫嫁給了他母親選擇的女孩，留下了心碎的烏穆羅。 於是烏穆羅在法伊茲·阿裡的懷抱中尋求安慰，最終與他私奔，卻發現他是一名通緝犯，被警衛槍殺。 烏穆羅重新回到坎普爾，在那裡她重新成為了一名詩人和舞女，但被舞館的高哈爾·米爾紮和侯賽尼追捕並帶回。 在那裡，她被告知必須嫁給高哈爾·米爾紮。 看看烏穆羅是如何逃避違背自己意願的結婚，以及她試圖找到回到父母身邊的方法。,https://image.tmdb.org/t/p/w500/6aMPSDh6x9z96MdDilD0mHQxJYE.jpg,tt0083248,https://www.imdb.com/title/tt0083248/,71303
23,4k-restoration,4K Restoration,4K修复,4K Restoration,4K 修复,Section,单元,#7a5045,Classics returned to the screen in newly minted 4K — from postwar Shanghai to New Hollywood.,从战后上海到新好莱坞——以全新 4K 修复重回银幕的经典。,17,5,4k-restoration-a-room-with-a-view,A ROOM WITH A VIEW,看得见风景的房间,1985,James Ivory,,117,United Kingdom,,EN,4K,"When Lucy Honeychurch and chaperon Charlotte Bartlett find themselves in Florence with rooms without views, fellow guests Mr Emerson and son George step in to remedy the situation. Meeting the Emersons could change Lucy's life forever but, once back in England, how will her experiences in Tuscany affect her marriage plans?",由导演詹姆斯·艾沃里和制片人伊斯梅尔·莫钦特领导的莫谦特-艾弗里制片公司，凭借本片成为家喻户晓的名字，这也是他们改编E·M·福斯特小说的非凡系列中的首部作品。天使般的十九岁少女海伦娜·博纳姆·卡特饰演露西·霍尼彻奇，一位思想独立、出身爱德华时代上流阶层的年轻女子。她试图厘清自己心中萌生的浪漫情感——一边是在佛罗伦萨度假时邂逅的神秘自由灵魂（朱利安·桑兹），另一边则是回到礼教森严的萨里郡后与之订婚的迂腐书呆子（丹尼尔·戴-刘易斯）。这部轰动艺术影院的巨作风趣、性感而精致，云集了璀璨的配角阵容——包括西蒙·卡洛、朱迪·丹奇、丹霍姆·艾略特与玛吉·史密斯，至今仍是睿智爱情电影的一块试金石。[标准收藏],https://image.tmdb.org/t/p/w500/5xRAqywVo6tNUNQbAESGVP930la.jpg,tt0091867,https://www.imdb.com/title/tt0091867/,11257
23,4k-restoration,4K Restoration,4K修复,4K Restoration,4K 修复,Section,单元,#7a5045,Classics returned to the screen in newly minted 4K — from postwar Shanghai to New Hollywood.,从战后上海到新好莱坞——以全新 4K 修复重回银幕的经典。,17,6,4k-restoration-bashu-the-little-stranger,"BASHU, THE LITTLE STRANGER",小芭舒,1989,Bahram Beyzai,,120,Iran,,FA,4K,"During the Iran-Iraq War, Bashu, a young boy loses his house and all his family. Scared, he sneaks into a truck that is leaving the area. He gets off the truck in the Northern part of the country, where everything from landscape to language is different. He meets Naii, who is trying to raise her two young children on a farm, while her husband is away. Despite cultural differences, and the fact that they do not speak the same language, Bashu and Naii slowly form a strong bond.",　　两伊战争中，失去家园和亲人的小男孩芭舒爬上一辆卡车离开家乡，来到了人生地不熟而且语言不通的伊朗北部。在那里，他遇到了一位在农场抚养两个孩子的妇女奈依，尽管文化不同语言不通，但二人慢慢地开始相互依赖了...,https://image.tmdb.org/t/p/w500/rRUWwpVRtc7vyXUV1Bj64wFZJaV.jpg,tt0096894,https://www.imdb.com/title/tt0096894/,43980
23,4k-restoration,4K Restoration,4K修复,4K Restoration,4K 修复,Section,单元,#7a5045,Classics returned to the screen in newly minted 4K — from postwar Shanghai to New Hollywood.,从战后上海到新好莱坞——以全新 4K 修复重回银幕的经典。,17,7,4k-restoration-in-which-annie-gives-it-those-ones,IN WHICH ANNIE GIVES IT THOSE ONES,五战挂科钉牌王,1989,Pradip Krishen,,112,India,,EN,4K,Annie struggles to to clear his bachelor's degree with one final hurdle - The Thesis. It's his final attempt to clear it. Can he?,,https://image.tmdb.org/t/p/w500/iDgSWW8CNGtUHZFK18spZGzmijs.jpg,tt0233926,https://www.imdb.com/title/tt0233926/,364875
23,4k-restoration,4K Restoration,4K修复,4K Restoration,4K 修复,Section,单元,#7a5045,Classics returned to the screen in newly minted 4K — from postwar Shanghai to New Hollywood.,从战后上海到新好莱坞——以全新 4K 修复重回银幕的经典。,17,8,4k-restoration-goodbye-south-goodbye,"GOODBYE SOUTH, GOODBYE",南国再见，南国,1996,Hou Hsiao-hsien,,116,"Taiwan, Japan",,ZH,4K,"In this portrait of small-time hoods rendered in rhythm-of-life anecdotal detail, Gao is the leader of a circle of layabouts including his sidekick, Flathead, and their girlfriends, Pretzel and Ling. He is also the originator of petty crime schemes, which promise to get the gang nowhere fast.","高哥（高捷 饰）接到小麻花（伊能静 饰）的电话，赶到夜市见到被揍得鼻青脸肿的扁头（林强），没动手而是找到刑警欲讨公道，却被反抓，明白自己的尴尬处境——原来“弃武从文”只会使自己更难堪。可是以前混黑社会的日子，想想得来的也只有失落。 因为不懂与时俱进，高哥显得很“可悲”，天早换成了另外的天，他却仍固守着原来的那朵云。30岁的他顾家、重情义、有思想，不想在打打杀杀中混日子，可是却无力改变环境，只能想办法适应环境，然而适应的结果，是事业与爱情的双失败。当他和小麻花、扁头在一起，能短暂放松身心，但是他们在食物链中处于相同的一环，能做的，也只是尽量要笑声持久一些。",https://image.tmdb.org/t/p/w500/vvBJHFW8kkMM3nQ2ny6DMMin6nD.jpg,tt0117151,https://www.imdb.com/title/tt0117151/,88811
23,4k-restoration,4K Restoration,4K修复,4K Restoration,4K 修复,Section,单元,#7a5045,Classics returned to the screen in newly minted 4K — from postwar Shanghai to New Hollywood.,从战后上海到新好莱坞——以全新 4K 修复重回银幕的经典。,17,9,4k-restoration-secrets-of-a-soul,SECRETS OF A SOUL,一个灵魂的秘密,1926,G.W. Pabst,,75,Germany,,DE,4K,"Scientist Martin Fellmann is tormented by an irrational fear of knives and the irresistible compulsion to murder his wife. Driven to the brink of madness by fantastic nightmares, he encounters a psychoanalyst who offers to treat the perplexing malady.",,https://image.tmdb.org/t/p/w500/j4aEY255ZGw0V65DrblT0kGmnzv.jpg,tt0016914,https://www.imdb.com/title/tt0016914/,84954
23,4k-restoration,4K Restoration,4K修复,4K Restoration,4K 修复,Section,单元,#7a5045,Classics returned to the screen in newly minted 4K — from postwar Shanghai to New Hollywood.,从战后上海到新好莱坞——以全新 4K 修复重回银幕的经典。,17,10,4k-restoration-the-arch,THE ARCH,董夫人,1968,Tang Shu-Shuen,,103,Hong Kong,,ZH,4K,A widow upholds feudal virtue by suppressing her love for a cavalry captain in favor of her daughter.,"　　董夫人（卢燕 饰）是村中有名的寡妇，同时亦是医者和私塾老师，长久以来，董夫人以其高洁的品性誉满全村，街坊邻里都十分敬重这位贞洁坚强的女性。某日，村里来了官兵，杨尉官（乔宏 饰）是其中的首领，他暂时寄宿在董夫人的家中。 　　随着时间的推移，董夫人和杨尉官之间渐渐产生了真挚的感情，然而，令两人没有想到的是，董夫人的女儿维玲（周萱 饰）竟然也喜欢上了杨尉官，与此同时，村民们替董夫人向皇帝申请了贞节牌坊，在舆论和亲情的压力之下，董夫人将自己对杨尉官的感情深深埋藏在心底。最终，维玲和杨尉官成亲了，而董夫人守着她的贞洁牌坊，悲凉异常。",https://image.tmdb.org/t/p/w500/YoGb77K5jslQ0MCHKmTTZ3dFS1.jpg,tt0074151,https://www.imdb.com/title/tt0074151/,157243
23,4k-restoration,4K Restoration,4K修复,4K Restoration,4K 修复,Section,单元,#7a5045,Classics returned to the screen in newly minted 4K — from postwar Shanghai to New Hollywood.,从战后上海到新好莱坞——以全新 4K 修复重回银幕的经典。,17,11,4k-restoration-new-york-new-york,"NEW YORK, NEW YORK",纽约，纽约,1977,Martin Scorsese,,163,United States of America,,EN,4K,"An egotistical saxophone player and a young singer meet on V-J Day and embark upon a strained and rocky romance, even as their careers begin a long uphill climb.",本片以过三十年代的大乐队时代为故事背景，描述一名萨克斯爵士乐手与一名女歌手之间爱恨交缠的情感，充满着人生的困惑和无奈，跟一般好莱坞歌舞片的明亮轻快大异其趣。,https://image.tmdb.org/t/p/w500/1nD40aUcPAxYdE1WxERrTjZuFGe.jpg,tt0076451,https://www.imdb.com/title/tt0076451/,12637
23,4k-restoration,4K Restoration,4K修复,4K Restoration,4K 修复,Section,单元,#7a5045,Classics returned to the screen in newly minted 4K — from postwar Shanghai to New Hollywood.,从战后上海到新好莱坞——以全新 4K 修复重回银幕的经典。,17,12,4k-restoration-dead-mountaineer-s-hotel,DEAD MOUNTAINEER’S HOTEL,罹难登山客旅馆,1979,Grigori Kromanov,,84,Soviet Union,,ET,4K,"The police get a call-out to a lonely hotel in the Alps. When an officer gets to the hotel everything seems to be alright. Suddenly, an avalanche cuts them off from the rest of the world and strange things start happening.",影片以阿尔卑斯山区的登山者旅馆为叙事场景，讲述警察因雪崩被困旅馆后遭遇超自然现象的故事。通过重构原作故事框架，影片在保留封闭空间设定基础上，展现神秘事件的悬疑氛围。,https://image.tmdb.org/t/p/w500/6zD8cZ7gTvNLJdjEcnllYyJjkMY.jpg,tt0204526,https://www.imdb.com/title/tt0204526/,46908
23,4k-restoration,4K Restoration,4K修复,4K Restoration,4K 修复,Section,单元,#7a5045,Classics returned to the screen in newly minted 4K — from postwar Shanghai to New Hollywood.,从战后上海到新好莱坞——以全新 4K 修复重回银幕的经典。,17,13,4k-restoration-peking-opera-blues,PEKING OPERA BLUES,刀马旦,1986,Tsui Hark,,105,Hong Kong,,CN,4K,"In 1913 Beijing, three fierce women—disguised rebel Tsao Wan, jewel-seeking Sheung Hung, and opera heiress Pat Neil—embark on a daring quest filled with intrigue and betrayal, challenging societal norms amidst political turmoil and the vibrant world of Peking Opera.",民初时代国家动荡不安，军阀割据导致民不聊生。曹云(林青霞饰)是大军阀曹将军的女儿，也是一个爱国者。但是不愿见到父亲帮助袁世凯以国家的名义向外国银行借贷巨款，让国家的财务更雪上加霜，于是偷偷与革命人士联络。但是一边是国家，一边是父亲也让曹云不知如何取舍而陷入内心的挣扎。白妞(叶倩文饰)从小在戏班春和班长大，被戏班主的父亲（午马饰）当作丫环使，痴迷唱戏的她一直希望登台表演，却没有机会；湘红(钟楚红饰)是一位贪财的歌妓，趁某军阀逃跑时偷走其家中一大箱珠宝，却误打误撞让珠宝运进了春和班里。这三位在姻缘巧合下结识，透过这三位主角的生命交错，共同谱出一段爱国传奇......,https://image.tmdb.org/t/p/w500/6IcSrruE0hpBvqo40DRfX65nBRX.jpg,tt0090952,https://www.imdb.com/title/tt0090952/,39776
23,4k-restoration,4K Restoration,4K修复,4K Restoration,4K 修复,Section,单元,#7a5045,Classics returned to the screen in newly minted 4K — from postwar Shanghai to New Hollywood.,从战后上海到新好莱坞——以全新 4K 修复重回银幕的经典。,17,14,4k-restoration-cageman,CAGEMAN,笼民,1992,Jacob Cheung Chi-Leung,,145,Hong Kong,,CN,4K,"The story about a young, unemployed man, who after being kicked out is desperate enough to live anywhere. He is directed to Fatso, who owns the caged establishment, and is given a living space.",　　香港寸土寸金，一些底层民众无楼可住，只得栖聚于危楼屋舍之中的床位。这些老弱病残分别用铁丝网相互隔开，被称为笼民。其中，祖先生（乔宏 饰）的智障儿子（廖启智 饰）终日嬉戏耍闹。唐三（泰迪罗宾 饰）是占小便宜的货色，而且尖牙利齿嘴不饶人。老人在笼中度过百岁寿辰，一直贩卖杂货维持生计，还有算命先生整天念念有词于事无补。此地发生命案，警察前来调查，却始终无法改变困境。这时，古惑仔毛仔（黄家驹 饰）从狱中放出，无视CID老爸的责骂，而与昔日死党重新混在一起，并住进了笼中。这时，公寓管理人员说接到业主收回楼宇的信函，希望各位租住户可以搬出，引起群情激愤。笼民开始向正在竞选的徐、周两位议员申诉，而后者为了收买人心，都作出了体察民情的样子。暗地里，徐议员与业主勾结，用重金收买毛仔，骗得了笼民自愿搬出的签名……  　　本片获得第22届香港电影金像奖最佳影片，最佳编剧。张之亮获得最佳导演，乔宏获最佳男配角奖。 ©豆瓣,https://image.tmdb.org/t/p/w500/kQZaaMJOdrXe4MGd9L5BqUURu5j.jpg,tt0107461,https://www.imdb.com/title/tt0107461/,157205
23,4k-restoration,4K Restoration,4K修复,4K Restoration,4K 修复,Section,单元,#7a5045,Classics returned to the screen in newly minted 4K — from postwar Shanghai to New Hollywood.,从战后上海到新好莱坞——以全新 4K 修复重回银幕的经典。,17,15,4k-restoration-leaving-las-vegas,LEAVING LAS VEGAS,离开拉斯维加斯,1995,Mike Figgis,,111,"France, United Kingdom",,EN,4K,"Ben Sanderson, an alcoholic Hollywood screenwriter who lost everything because of his drinking, arrives in Las Vegas to drink himself to death. There, he meets and forms an uneasy friendship and non-interference pact with prostitute Sera.",被解雇后，酗酒编剧拿着最后的遣散费前往拉斯维加斯，计划用酒精了结生命。在那里，他遇上了一名需要被需要的妓女。,https://image.tmdb.org/t/p/w500/wTrFpGe3U65kXTldIUxuM2hmOAK.jpg,tt0113627,https://www.imdb.com/title/tt0113627/,451
23,4k-restoration,4K Restoration,4K修复,4K Restoration,4K 修复,Section,单元,#7a5045,Classics returned to the screen in newly minted 4K — from postwar Shanghai to New Hollywood.,从战后上海到新好莱坞——以全新 4K 修复重回银幕的经典。,17,16,4k-restoration-panic-room,PANIC ROOM,战栗空间,2002,David Fincher,,111,United States of America,,EN,4K,"Trapped in their New York brownstone's panic room, a hidden chamber built as a sanctuary in the event of break-ins, newly divorced Meg Altman and her young daughter Sarah play a deadly game of cat-and-mouse with three intruders - Burnham, Raoul and Junior - during a brutal home invasion. But the room itself is the focal point because what the intruders really want is inside it.",梅格•阿特曼刚刚与丈夫离婚，她带着11岁的女儿莎拉新搬到一个古怪的房子——里面暗藏了一个密室，密室里有16个摄录机，8个监视器，还有一条不与外面的线路连接的电话线，以及一道坚不可摧的房门。没有料想过有朝一日会用上这间密室的母女俩，第一夜就遭遇了不速之客——房子的建造者伯罕姆、前屋主的孙子朱尼尔、以及他请来的帮手劳尔。他们想要朱尼尔祖父的大笔遗产，随着他们步步逼近梅格藏身的密室，一场斗智斗勇的游戏开始了，而患有哮喘的莎拉，能不能在这场斗争中存活下来？,https://image.tmdb.org/t/p/w500/hANYbvfwxmkC9E4yY6YyJxYxlSJ.jpg,tt0258000,https://www.imdb.com/title/tt0258000/,4547
23,4k-restoration,4K Restoration,4K修复,4K Restoration,4K 修复,Section,单元,#7a5045,Classics returned to the screen in newly minted 4K — from postwar Shanghai to New Hollywood.,从战后上海到新好莱坞——以全新 4K 修复重回银幕的经典。,17,17,4k-restoration-amores-perros,AMORES PERROS,爱情是狗娘,2000,Alejandro G. Iñárritu,,154,Mexico,,ES,4K,"A fatalistic car crash in Mexico city sets off a chain of events in the lives of three people: a supermodel, a young man wanting to run off with his sister-in-law, and a homeless man.",这部亚利桑德罗·冈萨雷斯·伊纳里图灼目的长片处女作，以其令人震撼的视觉风格与大胆的多线叙事，如一声原始的呐喊般带来心跳骤停的冲击力，在墨西哥电影界乃至全球引发震荡。在墨西哥城，三个陌生人的命运在悲剧性的转折中相撞：一个深陷斗狗地下世界的青年、一位看似拥有一切的迷人女子、一名渴望与疏远女儿重聚的神秘杀手。这场碰撞永远改变了他们各自的人生轨迹。凭借手持摄影疾速捕捉的暴力与情感，本片将人无情抛入一个残酷而痛楚、彼此相连的人性世界，令人过目难忘。[标准收藏],https://image.tmdb.org/t/p/w500/A4lH22nlFF7MdalGfcvSrlC1ttt.jpg,tt0245712,https://www.imdb.com/title/tt0245712/,55
24,belt-and-road,Belt & Road Film Week,“一带一路”电影周,Belt & Road,一带一路,Curated Program,策展单元,#b8843a,"New voices from countries along the Belt and Road, in their own tongues.",来自一带一路沿线国家的新作，以各自的母语讲述。,16,1,belt-and-road-a-loose-end,A LOOSE END,亡命警探,2025,—,—,95,—,—,—,,A 2025 thriller from along the Belt and Road; full credits to be confirmed.,2025 年来自一带一路沿线国家的惊悚片，全部主创信息待公布。,https://image.tmdb.org/t/p/w500/d7UZp9QKmAsG7fUqvRdLf4tVe5z.jpg,tt36980776,https://www.imdb.com/title/tt36980776/,1339367
24,belt-and-road,Belt & Road Film Week,“一带一路”电影周,Belt & Road,一带一路,Curated Program,策展单元,#b8843a,"New voices from countries along the Belt and Road, in their own tongues.",来自一带一路沿线国家的新作，以各自的母语讲述。,16,2,belt-and-road-hen,HEN,母鸡,2025,,,,,,,,,,,,https://www.imdb.com/find/?q=HEN+2025&s=tt&ttype=ft,
24,belt-and-road,Belt & Road Film Week,“一带一路”电影周,Belt & Road,一带一路,Curated Program,策展单元,#b8843a,"New voices from countries along the Belt and Road, in their own tongues.",来自一带一路沿线国家的新作，以各自的母语讲述。,16,3,belt-and-road-god-will-not-help,GOD WILL NOT HELP,上帝不会帮忙,2025,Hana Jušić,,137,"Croatia, Italy, France, Greece, Slovenia, Romania",,HR,,"A Chilean woman, Teresa, comes into a firmly structured and isolated mountain community of Croatian shepherds in the early 20th century, claiming to be the widow of their émigré brother. Her arrival changes the dynamics between the members of the community and brings unrest, but also inspiration for other women.",,https://image.tmdb.org/t/p/w500/vZwHEUsAccqVtlriwg5a0e0zny7.jpg,tt37537475,https://www.imdb.com/title/tt37537475/,1457734
24,belt-and-road,Belt & Road Film Week,“一带一路”电影周,Belt & Road,一带一路,Curated Program,策展单元,#b8843a,"New voices from countries along the Belt and Road, in their own tongues.",来自一带一路沿线国家的新作，以各自的母语讲述。,16,4,belt-and-road-broken-voices,BROKEN VOICES,破碎的声线,2025,Ondřej Provazník,,104,"Czech Republic, Slovakia",,CS,,"It’s the early 1990s and 13-year-old Valerie, a gifted novice singer, is given the chance to become a member of a world-famous girls’ choir, taking her place alongside her older sister and her other rivals in the ensemble. Everything points to the fact that Valerie’s exceptional talent has caught the attention of the formidable and much admired choirmaster. This highly anticipated psychological drama calls to mind not only the notorious case of Bambini di Praga, but also other devastating situations involving the clash of innocence and abusive authority.",　　故事发生在20世纪90年代初，13岁的卡罗利娜是一位天赋异禀的年轻歌手，她得到了一个成为世界著名女童合唱团成员的机会，得以与她的姐姐以及其他合唱团中的竞争对手并肩而立。种种迹象表明，卡罗利娜非凡的才华已经引起了那位令人敬畏且备受赞誉的合唱团指挥的注意。这部备受期待的心理剧不仅让人联想到臭名昭著的布拉格之子合唱团事件，还让人想起其他涉及纯真与滥用权力相冲突的毁灭性情境。在一部完全没有煽情的作品中，普罗瓦兹尼克展现出了专注的谦逊和对年轻演员的非凡敏感，他描绘了一个专属的世界，在这个世界里，令人向往的声望与过早的成熟相伴而生。,https://image.tmdb.org/t/p/w500/zNYlzUhNMBaufzRcmPkEMvJFKud.jpg,tt28149522,https://www.imdb.com/title/tt28149522/,1483477
24,belt-and-road,Belt & Road Film Week,“一带一路”电影周,Belt & Road,一带一路,Curated Program,策展单元,#b8843a,"New voices from countries along the Belt and Road, in their own tongues.",来自一带一路沿线国家的新作，以各自的母语讲述。,16,5,belt-and-road-hold-onto-me,HOLD ONTO ME,艾瑞丝的忧夏,2026,Myrsini Aristidou,,102,"Cyprus, Denmark, United States of America, Greece",,EL,,"11-year-old Iris learns her estranged father, Aris, is back in town for his own father’s funeral. Determined to know him, Iris tracks him down to a dilapidated shipyard, where he’s been keeping to himself. What begins as a stubborn attempt to reconnect slowly unfolds into a fragile bond.",,https://image.tmdb.org/t/p/w500/y9NYVukDCKFZVaZyoqLHbz27Wea.jpg,tt36840995,https://www.imdb.com/title/tt36840995/,1318824
24,belt-and-road,Belt & Road Film Week,“一带一路”电影周,Belt & Road,一带一路,Curated Program,策展单元,#b8843a,"New voices from countries along the Belt and Road, in their own tongues.",来自一带一路沿线国家的新作，以各自的母语讲述。,16,6,belt-and-road-diya,DIYA,诈死,2025,,,,,,,,,,,,https://www.imdb.com/find/?q=DIYA+2025&s=tt&ttype=ft,
24,belt-and-road,Belt & Road Film Week,“一带一路”电影周,Belt & Road,一带一路,Curated Program,策展单元,#b8843a,"New voices from countries along the Belt and Road, in their own tongues.",来自一带一路沿线国家的新作，以各自的母语讲述。,16,7,belt-and-road-supporting-role,SUPPORTING ROLE,配角,2026,Ana Urushadze,,139,"Estonia, Georgia, Turkey, United States of America, Switzerland",,KA,,"A retired Georgian film star, used to playing heroic leads, embarks on a cathartic odyssey after being offered a supporting role of an unpleasant elderly man.",一位退休的格鲁吉亚电影明星，习惯了扮演英雄主角，在得到一个令人讨厌的老人的配角后，开始了一段宣泄之旅。,https://image.tmdb.org/t/p/w500/53Kxng93bOlMKumJfikygJsFZ1P.jpg,tt31326337,https://www.imdb.com/title/tt31326337/,1306247
24,belt-and-road,Belt & Road Film Week,“一带一路”电影周,Belt & Road,一带一路,Curated Program,策展单元,#b8843a,"New voices from countries along the Belt and Road, in their own tongues.",来自一带一路沿线国家的新作，以各自的母语讲述。,16,8,belt-and-road-sumpa-kingdom,SUMPA KINGDOM,梦寻苏毗女儿国,2026,,,,,,,,,,,,https://www.imdb.com/find/?q=SUMPA+KINGDOM+2026&s=tt&ttype=ft,
24,belt-and-road,Belt & Road Film Week,“一带一路”电影周,Belt & Road,一带一路,Curated Program,策展单元,#b8843a,"New voices from countries along the Belt and Road, in their own tongues.",来自一带一路沿线国家的新作，以各自的母语讲述。,16,9,belt-and-road-the-red-hangar,THE RED HANGAR,血色机库,2026,Juan Pablo Sallato,,81,"Chile, Argentina, Italy",,ES,,"Chile, 1973. The military coup will force Jorge Silva, an Air Force captain, to face the unfolding horror. Inside a military base, he must choose between becoming part of the repression or helping those fighting to stay alive.",,https://image.tmdb.org/t/p/w500/ew6wIffrirmWAu37Ae8CPeobt4.jpg,tt37664358,https://www.imdb.com/title/tt37664358/,1563588
24,belt-and-road,Belt & Road Film Week,“一带一路”电影周,Belt & Road,一带一路,Curated Program,策展单元,#b8843a,"New voices from countries along the Belt and Road, in their own tongues.",来自一带一路沿线国家的新作，以各自的母语讲述。,16,10,belt-and-road-four-minus-three,FOUR MINUS THREE,四减三,2026,Adrian Goiginger,,121,"Austria, Germany",,DE,,"Barbara and her partner Heli are professional clowns, living out their dream of an alternative, joy filled life with their two children, laughing at what doesn't work out. But when a tragic car accident takes Heli and the children, Barbara is left alone. In the face of unspeakable loss, her belief in humor, hope, and humanity is put to the ultimate test. Can her way of seeing the world — through both its light and shadow — help her find a way back to life? She bets she'll laugh again.",,https://image.tmdb.org/t/p/w500/rCgwdsckK27dpKO9kZ71v1ehQBJ.jpg,tt38939444,https://www.imdb.com/title/tt38939444/,1249152
24,belt-and-road,Belt & Road Film Week,“一带一路”电影周,Belt & Road,一带一路,Curated Program,策展单元,#b8843a,"New voices from countries along the Belt and Road, in their own tongues.",来自一带一路沿线国家的新作，以各自的母语讲述。,16,11,belt-and-road-human-resource,HUMAN RESOURCE,最后的KPI,2026,Nawapol Thamrongrattanarit,,122,Thailand,,TH,,"Working in HR at a challenging company, Fren interviews young new hires and is secretly one month pregnant, grappling with the decision to have a child in difficult circumstances.",在一家制度严苛的大公司从事人力资源工作的弗伦，日复一日面试新员工，观察他们的生活轨迹。与此同时，她隐瞒了自己刚怀孕的事实，在是否将孩子带入这个不确定世界的挣扎中，逐渐面对内心的恐惧与矛盾。,https://image.tmdb.org/t/p/w500/gB8aGoVwPFH99orjybV1i0P5e7a.jpg,tt36948837,https://www.imdb.com/title/tt36948837/,1319520
24,belt-and-road,Belt & Road Film Week,“一带一路”电影周,Belt & Road,一带一路,Curated Program,策展单元,#b8843a,"New voices from countries along the Belt and Road, in their own tongues.",来自一带一路沿线国家的新作，以各自的母语讲述。,16,12,belt-and-road-a-sad-and-beautiful-world,A SAD AND BEAUTIFUL WORLD,一个悲伤而美丽的世界,2025,Cyril Aris,,110,"Lebanon, United States of America, Germany, Greece, Saudi Arabia, Qatar",,AR,,"In this sweeping love story that spans three decades of passion, heartbreak, and hope, Nino and Yasmina find themselves drawn together by a magnetic relationship. As they face an impossible choice between love and survival, they must decide if they want to build a family and chart a path to happiness in Lebanon, despite the tragedies ravaging the country.","理想主义者尼诺与伤痕累累的雅斯米娜，这对错位恋人生活在战火纷飞的贝鲁特。当""是否离开祖国""的抉择反复撕裂他们的童年、成年与爱情时，一场即将降临的天文异象，将重置所有过往。",https://image.tmdb.org/t/p/w500/cOJkkfI9SzXxqoPjc3MttsqGsxr.jpg,tt32622406,https://www.imdb.com/title/tt32622406/,1376838
24,belt-and-road,Belt & Road Film Week,“一带一路”电影周,Belt & Road,一带一路,Curated Program,策展单元,#b8843a,"New voices from countries along the Belt and Road, in their own tongues.",来自一带一路沿线国家的新作，以各自的母语讲述。,16,13,belt-and-road-the-trek,THE TREK,南非沙漠惊魂记,2025,Nick Wright,,9,,,EN,,"The screenplay follows Marcus (Ben Diaz) and Trevor (Sanjay Arman Kumar II) as they embark on a hiking trip. When their friend Maya (Savi Bansore) cancels, Trevor convinces the reluctant Marcus to take Trail 33 as a shortcut instead of sticking to their planned route.",,https://image.tmdb.org/t/p/w500/2NzzU580RHMAhKfLdq2yBYy2pgp.jpg,,https://www.imdb.com/find/?q=THE+TREK+2025&s=tt&ttype=ft,1457878
24,belt-and-road,Belt & Road Film Week,“一带一路”电影周,Belt & Road,一带一路,Curated Program,策展单元,#b8843a,"New voices from countries along the Belt and Road, in their own tongues.",来自一带一路沿线国家的新作，以各自的母语讲述。,16,14,belt-and-road-complaint-no-713317,COMPLAINT NO. 713317,投诉编号713317,2025,Yasser Shafiey,,80,Egypt,,AR,,"Magdy and Sama, a retired couple in their 60s, live quietly in their Cairo apartment. Their calm routine is disrupted when their fridge breaks down. What should be a simple repair spirals into a bizarre, months-long battle with a shady maintenance company. As the fridge remains unfixed, so does everything else, pushing them to confront not only the cracks in the system but also in their own sense of purpose.",,https://image.tmdb.org/t/p/w500/twxfzFBZTpLWUzW74JXs22efmuX.jpg,tt38933481,https://www.imdb.com/title/tt38933481/,1561642
24,belt-and-road,Belt & Road Film Week,“一带一路”电影周,Belt & Road,一带一路,Curated Program,策展单元,#b8843a,"New voices from countries along the Belt and Road, in their own tongues.",来自一带一路沿线国家的新作，以各自的母语讲述。,16,15,belt-and-road-gugu-s-world,GUGU'S WORLD,童梦如鸢,2026,Allan Deberton,,93,Brazil,,PT,,"Gugu, a black boy living with his grandmother, experiences memories and revelations when the old city where she lived returns.",,https://image.tmdb.org/t/p/w500/7aR0r9KVSfbzmCOGXGfulpmKOBj.jpg,tt11826250,https://www.imdb.com/title/tt11826250/,1393615
24,belt-and-road,Belt & Road Film Week,“一带一路”电影周,Belt & Road,一带一路,Curated Program,策展单元,#b8843a,"New voices from countries along the Belt and Road, in their own tongues.",来自一带一路沿线国家的新作，以各自的母语讲述。,16,16,belt-and-road-salvation,SALVATION,以救赎之名,2026,,,,,,,,,,,,https://www.imdb.com/find/?q=SALVATION+2026&s=tt&ttype=ft,
25,focus-germany,Focus on Germany,聚焦德国,Germany,德国,Curated Program,策展单元,#4a3a5a,Contemporary German cinema in focus.,聚焦当代德国电影。,4,1,focus-germany-i-understand-your-displeasure,I UNDERSTAND YOUR DISPLEASURE,我理解您的不满,2026,Kilian Armando Friedrich,,93,Germany,,DE,,"Heike works at a cleaning company, where every day she has to handle her team’s struggles, the pressure of delivering a spotless job, and the need to keep clients and boss happy. When a powerful subcontractor threatens to withdraw his support if she does not provide more work for his team, Heike faces a difficult choice. To comply, she must sacrifice one of her own employees. As the pressure closes in, Heike must decide how far she is willing to go to meet the job’s ruthless demands.",,https://image.tmdb.org/t/p/w500/rVw6rRn4vPaKDgUaxD0iZXXlXCg.jpg,tt39368062,https://www.imdb.com/title/tt39368062/,1616184
25,focus-germany,Focus on Germany,聚焦德国,Germany,德国,Curated Program,策展单元,#4a3a5a,Contemporary German cinema in focus.,聚焦当代德国电影。,4,2,focus-germany-the-hero-of-friedrichstrasse-station,THE HERO OF FRIEDRICHSTRASSE STATION,弗里德里希大街站的英雄,2025,Wolfgang Becker,,113,"Germany, Russia",,DE,,"All his life, Michael Hartung, owner of a hopelessly debt-ridden video store, has bet on the wrong horse. When an ambitious journalist confronts him with the results of his research, everything changes for the charmingly melancholy Micha. Many years ago, as an employee of the Reichsbahn, he is said to have organized the largest mass escape in the GDR. Stasi files prove the case. He was apparently even imprisoned and then deported to an open-cast lignite mine. Seduced by a lavish salary, Micha confirms the story, although only fragments of it are true.",,https://image.tmdb.org/t/p/w500/gmPute26B4JnsQNMZdgyWAfYfYj.jpg,tt35010081,https://www.imdb.com/title/tt35010081/,1248217
25,focus-germany,Focus on Germany,聚焦德国,Germany,德国,Curated Program,策展单元,#4a3a5a,Contemporary German cinema in focus.,聚焦当代德国电影。,4,3,focus-germany-babystar,BABYSTAR,网红宝贝我是谁,2025,Joscha Bongard,,98,Germany,,DE,,"Luca is an influencer. For as long as she can remember, she has been the star of her parents' family social media business and their only pride and joy. When her parents decide to have another child, things change. Luca feels betrayed and is afraid of no longer being needed by her parents, whose attention remains tied to her performance for the family account.",,https://image.tmdb.org/t/p/w500/tmcgngRJvI8D1Y18ls7yv2XY8dP.jpg,tt34998116,https://www.imdb.com/title/tt34998116/,1356474
25,focus-germany,Focus on Germany,聚焦德国,Germany,德国,Curated Program,策展单元,#4a3a5a,Contemporary German cinema in focus.,聚焦当代德国电影。,4,4,focus-germany-bearhunting,BEARHUNTING,最后之熊,2026,,,,,,,,,,,,https://www.imdb.com/find/?q=BEARHUNTING+2026&s=tt&ttype=ft,
26,nile-light,Nile Light: Egyptian Cinema,尼罗光影,Nile Light,尼罗,Curated Program,策展单元,#c89030,Egyptian films tracing light and shadow along the Nile.,尼罗河畔的光与影——埃及电影选映。,6,1,nile-light-the-blazing-sun,THE BLAZING SUN,山谷里的战斗,1954,Youssef Chahine,,116,Egypt,,AR,,"A wealthy landlord floods and destroys a village on purpose to prevent the people living there from making a profit off their crops. What he doesn't know is that his own daughter, Amal, is in love with Ahmed, a young man from the village.",一个贪婪的地主密谋对付一名爱上他女儿的农业工程师，于是甘蔗生产者之间的竞争变得尤为激烈。,https://image.tmdb.org/t/p/w500/x2LEsBwFOajHK80K8gxq9cv9dfH.jpg,tt0044429,https://www.imdb.com/title/tt0044429/,199456
26,nile-light,Nile Light: Egyptian Cinema,尼罗光影,Nile Light,尼罗,Curated Program,策展单元,#c89030,Egyptian films tracing light and shadow along the Nile.,尼罗河畔的光与影——埃及电影选映。,6,2,nile-light-cairo-station,CAIRO STATION,开罗车站,1958,Youssef Chahine,,77,Egypt,,AR,,"Qinawi, a physically challenged peddler who makes his living selling newspapers in the central Cairo train station, is obsessed with Hanuma, an attractive young woman who sells drinks. While she jokes with him about a possible relationship, she is actually in love with Abu Siri, a strong and respected porter at the station who is struggling to unionize his fellow workers to combat their boss' exploitative and abusive treatment.",尤瑟夫·夏因凭借这部杰作奠定了其国际声誉。影片虽在埃及上映初期遭遇商业失败，却最终成为整个阿拉伯电影史上最具影响力与盛名的作品之一。夏因亲自饰演报贩肯纳威——一位残疾青年，他对妩媚的饮料摊女郎（亨德·罗斯托姆，被誉为“阿拉伯的玛丽莲·梦露”）的痴迷，在开罗街头引发了一场歌剧规模的悲剧。本片融合新现实主义元素与极具冲击力的黑色情节剧，以粗粝的平民诗意为载体，探索个人在埃及后革命新政治秩序中寻找立足点的挣扎。[标准收藏],https://image.tmdb.org/t/p/w500/zm8ET6PSfPT6pozgvjR7htaZFjy.jpg,tt0051390,https://www.imdb.com/title/tt0051390/,47324
26,nile-light,Nile Light: Egyptian Cinema,尼罗光影,Nile Light,尼罗,Curated Program,策展单元,#c89030,Egyptian films tracing light and shadow along the Nile.,尼罗河畔的光与影——埃及电影选映。,6,3,nile-light-alexandria-why,ALEXANDRIA…WHY？,情迷亚历山大,1979,Youssef Chahine,,133,"Algeria, Egypt",,AR,,"Amid the poverty, death, and suffering caused by World War II, 18-year-old Yehia retreats into a private world of fantasy and longing. Obsessed with Hollywood, he dreams of studying filmmaking in America but struggles to pursue his dream, given the constraints of his life in the middle class and the horrors of war.",第二次世界大战期间，一名住在亚历山大的埃及少年迷上了美国电影，梦想进入好莱坞。,https://image.tmdb.org/t/p/w500/k68nAl2BJpX9405UCqs4Xhw2S7n.jpg,tt0077751,https://www.imdb.com/title/tt0077751/,40939
26,nile-light,Nile Light: Egyptian Cinema,尼罗光影,Nile Light,尼罗,Curated Program,策展单元,#c89030,Egyptian films tracing light and shadow along the Nile.,尼罗河畔的光与影——埃及电影选映。,6,4,nile-light-safe-exit,SAFE EXIT,藏在水箱里的人,2026,Mohammed Hammad,,113,"Egypt, Germany, Qatar, Tunisia, Libyan Arab Jamahiriya",,AR,,"Samaan, a young Christian man, works as a security guard in a residential building in downtown Cairo. Quiet and introspective, he spends his nights writing stories and chasing his dream of publishing his first novel. Beneath his calm surface, Samaan carries deep wounds—the lasting effects of chronic PTSD, rooted in the traumatic loss of his father, who was killed in a terrorist attack in Libya during Samaan’s childhood. One day, amid the noise and routine of the city, Samaan crosses paths with Fatima, a young Muslim woman. What begins as a simple encounter soon blossoms into an extraordinary friendship—one that slowly begins to break down the walls Samaan has built around his trauma.",本心理惊悚片聚焦年轻保安萨曼——他与同代人一样饱受创伤折磨。他的父母在阿拉伯地区持续数十年的宗教与种族暴力冲突中惨遭杀害。,https://image.tmdb.org/t/p/w500/utELCgs60q7sgAEpUnM3pj73Kxy.jpg,tt39367431,https://www.imdb.com/title/tt39367431/,1616438
26,nile-light,Nile Light: Egyptian Cinema,尼罗光影,Nile Light,尼罗,Curated Program,策展单元,#c89030,Egyptian films tracing light and shadow along the Nile.,尼罗河畔的光与影——埃及电影选映。,6,5,nile-light-happy-birthday,HAPPY BIRTHDAY,生日快乐,2025,,,,,,,,,,,,https://www.imdb.com/find/?q=HAPPY+BIRTHDAY+2025&s=tt&ttype=ft,
26,nile-light,Nile Light: Egyptian Cinema,尼罗光影,Nile Light,尼罗,Curated Program,策展单元,#c89030,Egyptian films tracing light and shadow along the Nile.,尼罗河畔的光与影——埃及电影选映。,6,6,nile-light-asad,ASAD,阿萨德,2026,Mohamed Diab,,135,"Egypt, Saudi Arabia",,AR,,A slave in 19th Century Egypt revolts against his masters for equal rights for slaves to live freely.,,https://image.tmdb.org/t/p/w500/jsm08DuftiIxPrnIXDm0SMD3m5M.jpg,tt38947228,https://www.imdb.com/title/tt38947228/,1211185
27,world-premieres,World Premieres,世界首作,World Premieres,世界首作,Section,单元,#1d3a8a,First-time features making their global debut in Shanghai.,在上海全球首映的导演处女作。,3,1,world-premieres-three-of-a-kind,THREE OF A KIND,三条Queen,2026,Olgierd Kaczyński,,25,Poland,,PL,,"Three friends sign up for a poker match full of intensity, betrayal and money",,,,https://www.imdb.com/find/?q=THREE+OF+A+KIND+2026&s=tt&ttype=ft,1383155
27,world-premieres,World Premieres,世界首作,World Premieres,世界首作,Section,单元,#1d3a8a,First-time features making their global debut in Shanghai.,在上海全球首映的导演处女作。,3,2,world-premieres-shape-of-momo,SHAPE OF MOMO,逆女如山,2025,Tribeny Rai,,114,"India, South Korea",,NE,,"Bishnu returns to her Himalayan village after quitting her job, only to face mounting family pressures and societal expectations. As tensions rise with her pregnant sister's arrival and a budding relationship with a ""suitable"" boy from her community, Bishnu must choose between conforming to tradition or claiming her independence.",比什努在辞去工作后回到了她的喜马拉雅山村庄，却面临着日益增加的家庭压力和社会期望。随着她怀有身孕的妹妹的到来，以及与社区里一个“合适”的男孩逐渐发展出的关系，紧张局势不断升级。比什努必须在遵循传统与追求独立之间做出选择。,https://image.tmdb.org/t/p/w500/onmGlNaGQ2zr20MNshEiOlXvhwM.jpg,,https://www.imdb.com/find/?q=SHAPE+OF+MOMO+2025&s=tt&ttype=ft,1450092
27,world-premieres,World Premieres,世界首作,World Premieres,世界首作,Section,单元,#1d3a8a,First-time features making their global debut in Shanghai.,在上海全球首映的导演处女作。,3,3,world-premieres-leave-one-day,LEAVE ONE DAY,起程之日,2025,Amélie Bonnin,,98,France,,FR,,"Cécile is about to open her own gourmet restaurant, finally making her dream come true, when suddenly her father has a heart attack and she is called back to the village where she was born. Far from the hubbub of Paris life, she runs into her teenage crush. The memories come flooding back, destabilizing her certainties.",,https://image.tmdb.org/t/p/w500/txzzgq2Rviv2Ljxnbh9Fy6gfDId.jpg,tt35453969,https://www.imdb.com/title/tt35453969/,1277884
28,bulgari-realism,Bulgari Presents · The Real,宝格丽经典呈现·真实之境,The Real,真实之境,Special Selection,特别呈现,#5a6a7a,"A curated survey of realism on screen, presented by Bulgari.",宝格丽呈现的真实电影特别选映。,6,1,bulgari-realism-paisan,PAISAN,战火,1946,Roberto Rossellini,,125,Italy,,IT,,"Six stories unfold in various regions, from Sicily to the northern Po Valley as American military personnel interact with a variety of Italian locals over eighteen months in the push north during the Italian Campaign of WWII as German forces retreat.",本片以第二次世界大战末期，在意大利登陆的美军攻破德军防线为背景，导演以令人感动的场面把美军从南部攻到北部期间所引发的一些意大利民间故事编成一部有连贯性的社会写实的电影，画面上的真实感，给予人们非常大的冲击，创下了意大利电影的新潮流…… 大师罗西里尼的战后三部曲的第二部，第一部是《罗马，不设防的城市》，最后一部是《德意志零年》。作为新现实主义的奠基人，罗西里尼几乎不使用剧本，并明确拒绝使用摄影棚、服装、化妆和职业演员。影片由6个小故事组成，背景是二战后期盟军在意大利登陆后攻破德军防线，从南部向北部进攻期间引发的一些民间小故事。罗西里尼在摄影机前重现了美国大兵，游击队员、修道士，妓女，以及普通平民在那个烽火连天的岁月里的真实遭遇，影片穿插了很多真实的战争镜头，令观众感同身受。,https://image.tmdb.org/t/p/w500/r5IGAFASCXmp8m51vUbER3WwVcB.jpg,tt0038823,https://www.imdb.com/title/tt0038823/,8429
28,bulgari-realism,Bulgari Presents · The Real,宝格丽经典呈现·真实之境,The Real,真实之境,Special Selection,特别呈现,#5a6a7a,"A curated survey of realism on screen, presented by Bulgari.",宝格丽呈现的真实电影特别选映。,6,2,bulgari-realism-germany-year-zero,GERMANY YEAR ZERO,德意志零年,1948,Roberto Rossellini,,74,"France, Germany, Italy",,IT,,"In the ruins of post-WWII Berlin, a twelve-year-old boy is left to his own devices in order to help provide for his family.",　　影片主要讲述战争给给人民带来的灾难，战争不仅使人民陷入饥饿贫困，还是儿童的心理产生畸形。影片中的主角是个儿童，他把他那卧床不起、患有心脏病的父亲毒死，因为他认为父亲对社会豪无用处。事后，他又因内心不安而自杀。影片表面上把这个儿童产生杀父和自杀的心理归咎于一个老师的教育错误，实际上则是在揭露德国的纳粹主义，认为他们才是这一切罪恶的根源。,https://image.tmdb.org/t/p/w500/sdxegsjrrvujXvv2GLPENyDlWDI.jpg,tt0039417,https://www.imdb.com/title/tt0039417/,8016
28,bulgari-realism,Bulgari Presents · The Real,宝格丽经典呈现·真实之境,The Real,真实之境,Special Selection,特别呈现,#5a6a7a,"A curated survey of realism on screen, presented by Bulgari.",宝格丽呈现的真实电影特别选映。,6,3,bulgari-realism-europe-51,EUROPE '51,一九五一年的欧洲,1952,Roberto Rossellini,,118,Italy,,IT,,"A wealthy, self-absorbed Rome socialite is racked by guilt over the death of her young son. As a way of dealing with her grief and finding meaning in her life, she decides to devote her time and money to the city’s poor and sick. Her newfound, single-minded activism leads to conflicts with her husband and questions about her sanity.",褒曼扮演一个住在罗马的美国贵妇，儿子突然自杀，使她觉醒，要为社会做慈善事业。朋友劝她亲自接近民众，方知民间疾苦，于是她毅然摆脱上流社会的羁绊，深入民间，发现了社会所存在的贫困和失业等严重社会问题。后来她干脆离开家庭，搬去跟贫苦的妓女同住，结果招来丈夫的粗暴干预。,https://image.tmdb.org/t/p/w500/hw9MEW5kslyRwpJp8AgpIlBxtmr.jpg,tt0043511,https://www.imdb.com/title/tt0043511/,41464
28,bulgari-realism,Bulgari Presents · The Real,宝格丽经典呈现·真实之境,The Real,真实之境,Special Selection,特别呈现,#5a6a7a,"A curated survey of realism on screen, presented by Bulgari.",宝格丽呈现的真实电影特别选映。,6,4,bulgari-realism-general-della-rovere,GENERAL DELLA ROVERE,罗维雷将军,1959,Roberto Rossellini,,132,"France, Italy",,IT,,The Gestapo forces con man Victorio Bardone to impersonate a dead partisan general in order to extract information from his fellow inmates.,　　二战时期，退伍意大利军人格里.马尔蒂自称将军，到处招摇撞骗，不料被德国一军官捕获，揭露其身份。格里为保其性命，和德国方面串通假扮已故罗维雷将军潜入集中营搜索情报。其间亲眼目睹及亲身经历了德国人的酷刑拷打，在最终时刻他觉悟，自愿同9名囚犯一并枪决，临终口中呐喊“意大利万岁”。,https://image.tmdb.org/t/p/w500/dTynqWaUm92ecwxCuMkTdHCoOfx.jpg,tt0053856,https://www.imdb.com/title/tt0053856/,43100
28,bulgari-realism,Bulgari Presents · The Real,宝格丽经典呈现·真实之境,The Real,真实之境,Special Selection,特别呈现,#5a6a7a,"A curated survey of realism on screen, presented by Bulgari.",宝格丽呈现的真实电影特别选映。,6,5,bulgari-realism-india-matri-bhumi,INDIA: MATRI BHUMI,印度,1959,Roberto Rossellini,,90,"France, Italy",,IT,,Several stories depicting the landscapes and fauna of India are mixed with documentary footage.,本片分为四个部分，展开了对印度文化、建筑及社会状况之旅。当时的印度社区状况给导演罗西利尼留下了深刻的印象。,https://image.tmdb.org/t/p/w500/nZ9mSSLagYZ0ICXMVTqvoILyddc.jpg,tt0052923,https://www.imdb.com/title/tt0052923/,128873
28,bulgari-realism,Bulgari Presents · The Real,宝格丽经典呈现·真实之境,The Real,真实之境,Special Selection,特别呈现,#5a6a7a,"A curated survey of realism on screen, presented by Bulgari.",宝格丽呈现的真实电影特别选映。,6,6,bulgari-realism-roberto-rossellini-living-without-a-script,"ROBERTO ROSSELLINI, LIVING WITHOUT A SCRIPT",罗伯托·罗西里尼：即兴人生,2025,Ilaria De Laurentiis,,96,"Italy, Latvia",,IT,,"In 1956, Roberto Rossellini was in the throes of a personal and artistic crisis. His recent films with Ingrid Bergman had flopped, their marriage was falling apart, and the press was relentless. When Bergman returned to Hollywood, Rossellini accepted an invitation from Indian Prime Minister Nehru to document India's progress. With doubts and a suitcase full of spaghetti, he set out to find a creative and emotional rebirth in India, inspired by a culture that balanced tradition and modernity.",,https://image.tmdb.org/t/p/w500/l0snKTs4i7pNwiLl4xjTJaRWZcl.jpg,tt39060313,https://www.imdb.com/title/tt39060313/,1548998
29,siff-documentary,SIFF Documentary,SIFF纪录,Documentary,纪录,Section,单元,#6a4a2a,Unfiltered realities — documentaries mapping contemporary lives and histories.,呈现当代生活与历史的纪录片选映。,11,1,siff-documentary-hair-paper-water,"HAIR, PAPER, WATER…",发纸水谣,2025,Nicolas Graux,,71,"Vietnam, Belgium, France",,VI,,"She was born in a cave, more than 60 years ago. Now she lives in a village, with many children and grandchildren to look after. Sometimes, she dreams of her dead mother calling her home – to the cave.",,https://image.tmdb.org/t/p/w500/4z2v3v2v4y54oABfqtAwmB0YCep.jpg,tt37538646,https://www.imdb.com/title/tt37538646/,1510333
29,siff-documentary,SIFF Documentary,SIFF纪录,Documentary,纪录,Section,单元,#6a4a2a,Unfiltered realities — documentaries mapping contemporary lives and histories.,呈现当代生活与历史的纪录片选映。,11,2,siff-documentary-electing-miss-santa,ELECTING MISS SANTA,圣诞女士竞选记,2025,,,,,,,,,,,,https://www.imdb.com/find/?q=ELECTING+MISS+SANTA+2025&s=tt&ttype=ft,
29,siff-documentary,SIFF Documentary,SIFF纪录,Documentary,纪录,Section,单元,#6a4a2a,Unfiltered realities — documentaries mapping contemporary lives and histories.,呈现当代生活与历史的纪录片选映。,11,3,siff-documentary-a-face-to-be-loved,A FACE TO BE LOVED,追忆华年,2026,,,,,,,,,,,,https://www.imdb.com/find/?q=A+FACE+TO+BE+LOVED+2026&s=tt&ttype=ft,
29,siff-documentary,SIFF Documentary,SIFF纪录,Documentary,纪录,Section,单元,#6a4a2a,Unfiltered realities — documentaries mapping contemporary lives and histories.,呈现当代生活与历史的纪录片选映。,11,4,siff-documentary-remake,REMAKE,重制,2025,,,,,,,,,,,,https://www.imdb.com/find/?q=REMAKE+2025&s=tt&ttype=ft,
29,siff-documentary,SIFF Documentary,SIFF纪录,Documentary,纪录,Section,单元,#6a4a2a,Unfiltered realities — documentaries mapping contemporary lives and histories.,呈现当代生活与历史的纪录片选映。,11,5,siff-documentary-a-place-in-the-ring,A PLACE IN THE RING,姐，上马,2025,,,,,,,,,,,,https://www.imdb.com/find/?q=A+PLACE+IN+THE+RING+2025&s=tt&ttype=ft,
29,siff-documentary,SIFF Documentary,SIFF纪录,Documentary,纪录,Section,单元,#6a4a2a,Unfiltered realities — documentaries mapping contemporary lives and histories.,呈现当代生活与历史的纪录片选映。,11,6,siff-documentary-the-art-of-adventure,THE ART OF ADVENTURE,大地双星,2025,Alison Reid,,87,,,EN,,Renowned wildlife artist Robert Bateman and spirited biologist Bristol Foster embark on a globe-trotting adventure in a LandRover they name the Grizzly Torque.,,https://image.tmdb.org/t/p/w500/7IKzHTUAyrOqLJPHACaDBbXG5lR.jpg,,https://www.imdb.com/find/?q=THE+ART+OF+ADVENTURE+2025&s=tt&ttype=ft,1468009
29,siff-documentary,SIFF Documentary,SIFF纪录,Documentary,纪录,Section,单元,#6a4a2a,Unfiltered realities — documentaries mapping contemporary lives and histories.,呈现当代生活与历史的纪录片选映。,11,7,siff-documentary-tristan-forever,TRISTAN FOREVER,永远的特里斯坦岛,2026,Tobias Nölle,,90,Switzerland,,FR,,"For 30 years, a doctor from Paris has maintained a friendship with a fisherman on Tristan da Cunha, the most isolated inhabited island in the world. Now he travels back one more time, with the plan to stay there for good.",三十年来，来自巴黎的医生洛兰·博纳多一直造访特里斯坦岛——这座位于南大西洋中部、世界上最偏远的有人居住岛屿，这里栖息着一些最独特的物种，每年仅有6到8艘船只抵达此地。这座火山岛已成为洛兰的精神避风港，岛上的居民是他选择的家人，渔夫马丁则是他最好的朋友。如今，五十岁的他再次回到这座乌托邦般的岛屿，但这次他没有打算返程：他希望成为岛上230名常住居民中的一员。岛屿委员会会接受他吗？,https://image.tmdb.org/t/p/w500/9DPBGoVwxnGtEkUaB0YwpBTPaSc.jpg,tt39370293,https://www.imdb.com/title/tt39370293/,1616138
29,siff-documentary,SIFF Documentary,SIFF纪录,Documentary,纪录,Section,单元,#6a4a2a,Unfiltered realities — documentaries mapping contemporary lives and histories.,呈现当代生活与历史的纪录片选映。,11,8,siff-documentary-the-fabulous-time-machine,THE FABULOUS TIME MACHINE,她的时光机,2026,Eliza Capai,,70,Brazil,,PT,,"In the arid Brazilian hinterland, girls play poised between their mothers’ difficult pasts and fantastic dreams for the future. In a place where men are still seen as giants compared to women, the girls cross the threshold from childhood into adolescence.",,https://image.tmdb.org/t/p/w500/1DwT5nA0yWUMNU9Po2lzwRv6XOA.jpg,tt39206678,https://www.imdb.com/title/tt39206678/,1599779
29,siff-documentary,SIFF Documentary,SIFF纪录,Documentary,纪录,Section,单元,#6a4a2a,Unfiltered realities — documentaries mapping contemporary lives and histories.,呈现当代生活与历史的纪录片选映。,11,9,siff-documentary-if-pigeons-turned-to-gold,IF PIGEONS TURNED TO GOLD,如果鸽子变成黄金,2026,Pepa Lubojacki,,110,"Czech Republic, Slovakia",,CS,,"Alcohol addiction is a constant in Pepa Lubojacki’s family. In an attempt to find a sisterly-brotherly way of dealing with it, text, long-term observation, beats and AI-animated photos are combined into an unflinching, yet loving form of disclosure.",,https://image.tmdb.org/t/p/w500/foNTQytbZzMwzq00NYl4LAON1vR.jpg,tt39383477,https://www.imdb.com/title/tt39383477/,1616833
29,siff-documentary,SIFF Documentary,SIFF纪录,Documentary,纪录,Section,单元,#6a4a2a,Unfiltered realities — documentaries mapping contemporary lives and histories.,呈现当代生活与历史的纪录片选映。,11,10,siff-documentary-frost-without-snow-and-ice,FROST WITHOUT SNOW AND ICE,流浪北极熊,2026,Asgeir Helgestad,,95,"Norway, Germany",,NO,,"Over a decade on Svalbard, the fastest warming place on earth, Norwegian filmmaker Asgeir Helgestad witnesses the extraordinary life of a polar bear named Frost – a mother struggling to raise her cubs in a rapidly changing Arctic. This intimate journey transforms him from observer to storyteller, driven by his passion to connect with nature and to expose the devastating impacts of climate change on this fragile ecosystem.",,https://image.tmdb.org/t/p/w500/z5KNmtbL1gBf4TkHiG6ashuZesI.jpg,,https://www.imdb.com/find/?q=FROST+WITHOUT+SNOW+AND+ICE+2026&s=tt&ttype=ft,1648927
29,siff-documentary,SIFF Documentary,SIFF纪录,Documentary,纪录,Section,单元,#6a4a2a,Unfiltered realities — documentaries mapping contemporary lives and histories.,呈现当代生活与历史的纪录片选映。,11,11,siff-documentary-the-lives-of-my-father,THE LIVES OF MY FATHER,我的父亲是特工,2026,Magnus Skatvold,,86,Norway,,NO,,"He thought his Norwegian father was a journalist. In reality, he was a CIA spy who fired AK-47s in the Kuwaiti desert and infiltrated cocaine laboratories in Colombia. It is time to face the truth, and it's stranger than fiction.",,https://image.tmdb.org/t/p/w500/wWoZzt5CwYhzTsESbvHj8bLhLO0.jpg,,https://www.imdb.com/find/?q=THE+LIVES+OF+MY+FATHER+2026&s=tt&ttype=ft,1635588
30,siff-rhapsody,SIFF Rhapsody,SIFF狂想曲,Rhapsody,狂想曲,Curated Program,策展单元,#a05050,"Films about music, musicians, and the lives shaped by both.",关于音乐、音乐家，以及被音乐塑形的人生。,13,1,siff-rhapsody-amadeus,AMADEUS,莫扎特传,1984,Miloš Forman,米洛斯·福尔曼,161,USA,美国,English,4K,"Salieri tells the story of his colleague Mozart, in confession, from an asylum.",萨列里在疯人院里向神父告解，讲述他的同行莫扎特的故事。,https://image.tmdb.org/t/p/w500/gQRfiyfGvr1az0quaYyMram3Aqt.jpg,tt0086879,https://www.imdb.com/title/tt0086879/,279
30,siff-rhapsody,SIFF Rhapsody,SIFF狂想曲,Rhapsody,狂想曲,Curated Program,策展单元,#a05050,"Films about music, musicians, and the lives shaped by both.",关于音乐、音乐家，以及被音乐塑形的人生。,13,2,siff-rhapsody-finding-vivian-maier,FINDING VIVIAN MAIER,寻找薇薇安·迈尔,2013,"John Maloof, Charlie Siskel",约翰·马卢夫、查理·西斯凯尔,84,USA,美国,English,,A box of negatives at a Chicago auction turns out to be one of the great unseen photographic archives.,芝加哥一场拍卖中买下的一箱底片，最终被证实是有史以来最重要的隐匿摄影档案之一。,https://image.tmdb.org/t/p/w500/yaj9mpHNpns5j4ODP4352PgDWJM.jpg,tt2714900,https://www.imdb.com/title/tt2714900/,169607
30,siff-rhapsody,SIFF Rhapsody,SIFF狂想曲,Rhapsody,狂想曲,Curated Program,策展单元,#a05050,"Films about music, musicians, and the lives shaped by both.",关于音乐、音乐家，以及被音乐塑形的人生。,13,3,siff-rhapsody-in-i-in-motion,IN-I IN MOTION,亦吾亦舞,2025,—,—,156,United Kingdom,英国,English,,A 2025 dance-on-film hybrid documenting the stage work In-I.,2025 年的舞蹈电影混合作品，记录舞台剧《In-I》的演出。,https://image.tmdb.org/t/p/w500/kFIVqcaHcGfMEBBLMmp4DlbQaGb.jpg,tt37964027,https://www.imdb.com/title/tt37964027/,1532477
30,siff-rhapsody,SIFF Rhapsody,SIFF狂想曲,Rhapsody,狂想曲,Curated Program,策展单元,#a05050,"Films about music, musicians, and the lives shaped by both.",关于音乐、音乐家，以及被音乐塑形的人生。,13,4,siff-rhapsody-the-yellow-tie,THE YELLOW TIE,黄色领带,2025,—,—,145,—,—,English,,A 2025 musical portrait; details to be confirmed at festival.,2025 年的一部音乐人物片，详情待电影节公布。,https://image.tmdb.org/t/p/w500/vOJHXAy2k7yhC0COaptHZT7NupO.jpg,tt5335774,https://www.imdb.com/title/tt5335774/,1245119
30,siff-rhapsody,SIFF Rhapsody,SIFF狂想曲,Rhapsody,狂想曲,Curated Program,策展单元,#a05050,"Films about music, musicians, and the lives shaped by both.",关于音乐、音乐家，以及被音乐塑形的人生。,13,5,siff-rhapsody-the-great-arch,THE GREAT ARCH,新凯旋门,2025,—,—,104,France,法国,French,,The story of La Grande Arche de la Défense and the Danish architect who never quite saw it finished.,拉德芳斯新凯旋门的故事——那位最终未能亲见落成的丹麦建筑师。,https://image.tmdb.org/t/p/w500/zriwECvMyJNcUdXrELeYSrXF0f2.jpg,tt32398150,https://www.imdb.com/title/tt32398150/,1290424
30,siff-rhapsody,SIFF Rhapsody,SIFF狂想曲,Rhapsody,狂想曲,Curated Program,策展单元,#a05050,"Films about music, musicians, and the lives shaped by both.",关于音乐、音乐家，以及被音乐塑形的人生。,13,6,siff-rhapsody-the-moment,THE MOMENT,绚烂一刻,2026,—,—,103,—,—,English,,A 2026 music documentary; details to be confirmed at festival.,2026 年的音乐纪录片，详情待电影节公布。,https://image.tmdb.org/t/p/w500/dYgCgTqqMnWdsnP2XirdcFB28ch.jpg,tt35524793,https://www.imdb.com/title/tt35524793/,1422562
30,siff-rhapsody,SIFF Rhapsody,SIFF狂想曲,Rhapsody,狂想曲,Curated Program,策展单元,#a05050,"Films about music, musicians, and the lives shaped by both.",关于音乐、音乐家，以及被音乐塑形的人生。,13,7,siff-rhapsody-spinal-tap-ii-the-end-continues,SPINAL TAP II: THE END CONTINUES,摇滚万万岁2,2025,Rob Reiner,,83,United States of America,,EN,,"The now estranged bandmates of Spinal Tap are forced to reunite for one final concert, hoping it will solidify their place in the pantheon of rock 'n' roll.",在第一部上映40周年之际，这部传奇摇滚伪纪录片的续集让电影公司取得了一连串的成功。,https://image.tmdb.org/t/p/w500/c8Vg1HOlAN8pNPkUrH7Mov1KOLk.jpg,tt20222166,https://www.imdb.com/title/tt20222166/,975225
30,siff-rhapsody,SIFF Rhapsody,SIFF狂想曲,Rhapsody,狂想曲,Curated Program,策展单元,#a05050,"Films about music, musicians, and the lives shaped by both.",关于音乐、音乐家，以及被音乐塑形的人生。,13,8,siff-rhapsody-the-girl-from-ko-ln,THE GIRL FROM KÖLN,科隆女孩,2025,Ido Fluk,,116,"Belgium, Germany, Poland, United States of America",,EN,,"The true story of Vera Brandes, teenage patron saint of the 1970s Cologne music scene, who risked everything to organize the greatest solo concert in music history: Keith Jarrett’s legendary Köln Concert.",维拉·布兰德斯的真实故事，这位1970年代科隆音乐场景的青少年守护神，为了组织历史上最伟大的独奏爵士音乐会——基思· 贾勒特传奇性的《科隆音乐会》，不惜冒险牺牲一切。,https://image.tmdb.org/t/p/w500/oMeg1capgysYPHVOnZq7HfoIXzE.jpg,tt20414360,https://www.imdb.com/title/tt20414360/,1171153
30,siff-rhapsody,SIFF Rhapsody,SIFF狂想曲,Rhapsody,狂想曲,Curated Program,策展单元,#a05050,"Films about music, musicians, and the lives shaped by both.",关于音乐、音乐家，以及被音乐塑形的人生。,13,9,siff-rhapsody-memory-of-the-forgotten,MEMORY OF THE FORGOTTEN,遗忘的记忆,2025,,,,,,,,,,,,https://www.imdb.com/find/?q=MEMORY+OF+THE+FORGOTTEN+2025&s=tt&ttype=ft,
30,siff-rhapsody,SIFF Rhapsody,SIFF狂想曲,Rhapsody,狂想曲,Curated Program,策展单元,#a05050,"Films about music, musicians, and the lives shaped by both.",关于音乐、音乐家，以及被音乐塑形的人生。,13,10,siff-rhapsody-nouvelle-vague,NOUVELLE VAGUE,新浪潮,2025,Richard Linklater,,106,"France, United States of America",,FR,,"After writing for Cahiers du cinéma, a young Jean-Luc Godard decides making films is the best film criticism. He convinces producer Georges de Beauregard to fund a low-budget feature, and creates a treatment with fellow New Wave filmmaker François Truffaut about a gangster couple. The result? Breathless, one of the first features of the Nouvelle Vague era of French cinema.",《新浪潮》是理查德·林克莱特第一个完全用法语拍摄的项目，影片将重现法国电影新浪潮运动背后的故事，聚焦1959年让-吕克·戈达尔和《精疲力尽》的幕后制作。,https://image.tmdb.org/t/p/w500/AfE7DZ0DPgme6I58dlYp1Bo9xeN.jpg,tt31688586,https://www.imdb.com/title/tt31688586/,1254808
30,siff-rhapsody,SIFF Rhapsody,SIFF狂想曲,Rhapsody,狂想曲,Curated Program,策展单元,#a05050,"Films about music, musicians, and the lives shaped by both.",关于音乐、音乐家，以及被音乐塑形的人生。,13,11,siff-rhapsody-e-ric-rohmer-childhood-spirit,"ÉRIC ROHMER, CHILDHOOD SPIRIT",埃里克·侯麦：少年心气,2025,Pascale Bouhénic,,60,France,,FR,,"The documentary delves into Éric Rohmer's distinctive filmmaking process, using film clips, rare interviews, and unreleased test footage.",,https://image.tmdb.org/t/p/w500/99c90ydRKi7tt45CRIqF9hPerNd.jpg,tt39009268,https://www.imdb.com/title/tt39009268/,1502148
30,siff-rhapsody,SIFF Rhapsody,SIFF狂想曲,Rhapsody,狂想曲,Curated Program,策展单元,#a05050,"Films about music, musicians, and the lives shaped by both.",关于音乐、音乐家，以及被音乐塑形的人生。,13,12,siff-rhapsody-the-arab,THE ARAB,局外人之名,2026,Malek Bensmaïl,,106,"Algeria, Belgium, France, Switzerland, Saudi Arabia",,AR,,"Haroun is an old bachelor who has lived in Oran for several years. A retired civil servant, he leads a reclusive life until the day he meets Kamel in a bar—a journalist to whom he tells an incredible story dating back to 1942. He claims to be the brother of ‘the Arab’ killed in a story told in one of the most famous novels of the 20th century, ‘The Stranger’ by Albert Camus. An Arab with an erased name: Moussa. Through anger, assertions, details, and confidences, Haroun finally convinces the journalist to listen to his story. His confession is a cry of freedom and distress—but above all, a cry of revolt: against an abusive mother, against a country that failed to achieve true independence, against a book, and against a famous French writer.",,https://image.tmdb.org/t/p/w500/hbKC0aQgV98fdwaerC3dwAJMQdD.jpg,tt39230003,https://www.imdb.com/title/tt39230003/,1001315
30,siff-rhapsody,SIFF Rhapsody,SIFF狂想曲,Rhapsody,狂想曲,Curated Program,策展单元,#a05050,"Films about music, musicians, and the lives shaped by both.",关于音乐、音乐家，以及被音乐塑形的人生。,13,13,siff-rhapsody-taboo-egon-schiele,TABOO. EGON SCHIELE,禁忌：埃贡・席勒,2026,,,,,,,,,,,,https://www.imdb.com/find/?q=TABOO.+EGON+SCHIELE+2026&s=tt&ttype=ft,
31,official-selection,Official Selection,影展精粹,Official Selection,影展精粹,Festival Highlights,影展精粹,#c8392a,Major prize-winners and most-talked-about titles from the year's leading festivals.,本年度国际重要电影节上的得奖与话题之作。,14,1,official-selection-nuremberg,NUREMBERG,纽伦堡,2025,James Vanderbilt,詹姆斯·范德比尔特,,USA,美国,English,,The 1945 Nuremberg trials told through the American psychiatrist who interviewed Hermann Göring.,通过那位审问赫尔曼·戈林的美国精神病医师之眼，重述 1945 年的纽伦堡审判。,https://image.tmdb.org/t/p/w500/7cWTGH2svfNHWVRjsfKIBob9pDj.jpg,,https://www.imdb.com/find/?q=NUREMBERG+2025&s=tt&ttype=ft,1214931
31,official-selection,Official Selection,影展精粹,Official Selection,影展精粹,Festival Highlights,影展精粹,#c8392a,Major prize-winners and most-talked-about titles from the year's leading festivals.,本年度国际重要电影节上的得奖与话题之作。,14,2,official-selection-nina-roza,NINA ROZA,尼娜与萝扎,2026,Geneviève Dulude-De Celles,,103,"Canada, Bulgaria, Italy, Belgium",,FR,,"A viral video of an 8-year-old Bulgarian artist catches the eye of a major art collector, and Mihail is sent there, 30 years after leaving his home country, to assess the value of the girl's work and confront ghosts from his past.",,https://image.tmdb.org/t/p/w500/kxdTf63duqsc2bA8erZy4rn5Rr5.jpg,tt29271639,https://www.imdb.com/title/tt29271639/,1527449
31,official-selection,Official Selection,影展精粹,Official Selection,影展精粹,Festival Highlights,影展精粹,#c8392a,Major prize-winners and most-talked-about titles from the year's leading festivals.,本年度国际重要电影节上的得奖与话题之作。,14,3,official-selection-queen-at-sea,QUEEN AT SEA,茫然女王,2026,Lance Hammer,,121,"United Kingdom, United States of America",,EN,,"As advanced dementia erodes an older woman’s ability to communicate her inner life, her husband and daughter struggle to act in her best interests, navigating love and the fragile boundaries between care, protection and autonomy.",,https://image.tmdb.org/t/p/w500/iGfTwhMYMLd1z81AO3d1MHVTCbP.jpg,tt27541205,https://www.imdb.com/title/tt27541205/,1021848
31,official-selection,Official Selection,影展精粹,Official Selection,影展精粹,Festival Highlights,影展精粹,#c8392a,Major prize-winners and most-talked-about titles from the year's leading festivals.,本年度国际重要电影节上的得奖与话题之作。,14,4,official-selection-rose,ROSE,罗斯,2026,Dolly Dulu,,131,Philippines,,TL,,"A spirited teen dreaming of the perfect debut makes a deal with a lonely newcomer, but unexpected feelings and revelations may shatter their plans.",活力少女梦想着一场完美的成人礼，于是与孤独的新来者达成一项协议，但意外的心动和真相也许会让计划彻底泡汤。,https://image.tmdb.org/t/p/w500/6pUwaXT6tdA6sek8o6SdFYudJDj.jpg,tt39751309,https://www.imdb.com/title/tt39751309/,1631917
31,official-selection,Official Selection,影展精粹,Official Selection,影展精粹,Festival Highlights,影展精粹,#c8392a,Major prize-winners and most-talked-about titles from the year's leading festivals.,本年度国际重要电影节上的得奖与话题之作。,14,5,official-selection-a-prayer-for-the-dying,A PRAYER FOR THE DYING,临终祷文,2026,Dara Van Dusen,,95,"Norway, Sweden, United Kingdom",,EN,,"In 1870 Friendship, Wisconsin, a small town of Scandinavian settlers still suffering the repercussions of the recent Civil War. When faced with a new and even deadlier threat, one man is forced to make a harrowing choice: save his young family or defend the community that gave him a second chance at life and meaning.",,https://image.tmdb.org/t/p/w500/kYIhGPwr5ztkvnRcD4GzZGfuNhv.jpg,tt31183803,https://www.imdb.com/title/tt31183803/,1241046
31,official-selection,Official Selection,影展精粹,Official Selection,影展精粹,Festival Highlights,影展精粹,#c8392a,Major prize-winners and most-talked-about titles from the year's leading festivals.,本年度国际重要电影节上的得奖与话题之作。,14,6,official-selection-the-garden-we-dreamed,THE GARDEN WE DREAMED,梦中花园,2026,Joaquín del Paso,,102,Mexico,,ES,,"In a land not their own, amid a dwindling forest, a family carves out a fragile bubble of tenderness – a fleeting garden of hope where love can still take root.",,https://image.tmdb.org/t/p/w500/4x7KiQZLTFanWhwj0rpdE9CATXa.jpg,tt39367313,https://www.imdb.com/title/tt39367313/,1616188
31,official-selection,Official Selection,影展精粹,Official Selection,影展精粹,Festival Highlights,影展精粹,#c8392a,Major prize-winners and most-talked-about titles from the year's leading festivals.,本年度国际重要电影节上的得奖与话题之作。,14,7,official-selection-orphan,ORPHAN,乱世孤儿,2025,,,,,,,,,,https://image.tmdb.org/t/p/w500/5WtE3XOgnYRkB5vagppTX9TdUOj.jpg,,https://www.imdb.com/find/?q=ORPHAN+2025&s=tt&ttype=ft,1244975
31,official-selection,Official Selection,影展精粹,Official Selection,影展精粹,Festival Highlights,影展精粹,#c8392a,Major prize-winners and most-talked-about titles from the year's leading festivals.,本年度国际重要电影节上的得奖与话题之作。,14,8,official-selection-ungrateful-beings,UNGRATEFUL BEINGS,忘恩负义之人,2025,Olmo Omerzu,,110,"Czech Republic, Poland, Slovenia, Croatia",,CS,,"Hoping to keep his recently fractured family together, David takes his children, Klára and Teo, on holiday to the Adriatic. There, teenage Klára, who struggles with an eating disorder, falls in love with a local boy, Denis. When Denis is accused of murder, Klára's condition worsens, and she ends up in hospital. The desire to save her is the only thing that unites her parents, and crisis situations call for drastic measures.",,https://image.tmdb.org/t/p/w500/csjh5aCkFmtWjZoLSSCy1YAkCy1.jpg,tt37964046,https://www.imdb.com/title/tt37964046/,1532470
31,official-selection,Official Selection,影展精粹,Official Selection,影展精粹,Festival Highlights,影展精粹,#c8392a,Major prize-winners and most-talked-about titles from the year's leading festivals.,本年度国际重要电影节上的得奖与话题之作。,14,9,official-selection-case-137,CASE 137,137号案件,2025,Dominik Moll,多米尼克·莫尔,115,France,法国,French,,"A French police-misconduct investigator opens dossier No. 137. Procedural, exact, very cold.",法国警察渎职调查员打开第 137 号档案。程序、精确、极冷。,https://image.tmdb.org/t/p/w500/t93h1ptV098Q6vzl9gfEymJQ6Qp.jpg,tt34794183,https://www.imdb.com/title/tt34794183/,1294698
31,official-selection,Official Selection,影展精粹,Official Selection,影展精粹,Festival Highlights,影展精粹,#c8392a,Major prize-winners and most-talked-about titles from the year's leading festivals.,本年度国际重要电影节上的得奖与话题之作。,14,10,official-selection-sirat,SIRAT,接近终点,2025,Oliver Laxe,奥利弗·拉克斯,115,Spain,西班牙,Spanish,,A father searches for his daughter at a desert rave. The world keeps unmaking itself.,一位父亲在沙漠锐舞派对中寻找自己的女儿。世界一直在自我解体。,https://image.tmdb.org/t/p/w500/bzBtsLi17rK4G6kDvOXfUZfAhca.jpg,tt32298285,https://www.imdb.com/title/tt32298285/,1151272
31,official-selection,Official Selection,影展精粹,Official Selection,影展精粹,Festival Highlights,影展精粹,#c8392a,Major prize-winners and most-talked-about titles from the year's leading festivals.,本年度国际重要电影节上的得奖与话题之作。,14,11,official-selection-hungarian-wedding,HUNGARIAN WEDDING,匈牙利婚礼,2025,Csaba Káel,,93,Hungary,,HU,,"András and Péter are two young men trying to make it big with their rock band in Budapest in the early 1980s. When the opportunity arises to attend the wedding of András's cousin in Transylvania, they decide to take it as a chance to raise some money. Once there, they embark on an unexpected adventure.",,https://image.tmdb.org/t/p/w500/4QgPTYSHmmEsvhaip37YHBkn36x.jpg,tt38267641,https://www.imdb.com/title/tt38267641/,1563538
31,official-selection,Official Selection,影展精粹,Official Selection,影展精粹,Festival Highlights,影展精粹,#c8392a,Major prize-winners and most-talked-about titles from the year's leading festivals.,本年度国际重要电影节上的得奖与话题之作。,14,12,official-selection-rosebush-pruning,ROSEBUSH PRUNING,蔷薇修剪术,2026,Karim Aïnouz,,97,"Germany, Italy, United Kingdom, Spain",,EN,,"In a Spanish villa, American siblings Jack, Ed, Anna and Robert wallow in isolation and their inherited fortune. When Jack wants to move in with his girlfriend and Ed uncovers the truth about their mother’s death, the fabric of the family begins to unravel.",在加泰罗尼亚阳光下的一座豪华别墅里，美国兄妹杰克、艾德、安娜和罗伯特沉溺于与世隔绝的生活和继承的巨额财富，对失明父亲的要求置之不理，在彼此之间以及他们最新款的名牌服饰中寻求爱与认同。当作为家中支柱的大哥杰克宣布要搬去和女友玛莎同住时，血缘关系就此断裂，艾德被迫揭开母亲死亡的真相。代代相传的谎言开始瓦解，这个家庭的根基也逐渐崩塌。,https://image.tmdb.org/t/p/w500/rEn0kHtZAjb44R2Jv0FUBLdFPsY.jpg,tt27844906,https://www.imdb.com/title/tt27844906/,1130948
31,official-selection,Official Selection,影展精粹,Official Selection,影展精粹,Festival Highlights,影展精粹,#c8392a,Major prize-winners and most-talked-about titles from the year's leading festivals.,本年度国际重要电影节上的得奖与话题之作。,14,13,official-selection-belen,BELEN,我们是伯利恒,2025,Dolores Fonzi,,108,"Argentina, United States of America",,ES,,"In the conservative northwestern region of Argentina, Julieta finds herself accused of infanticide after a medical emergency. With support from her attorney and women's rights advocates, she fights for justice in a landmark case that could change lives.",2014年，阿根廷图库曼省；一名年轻女性因剧烈腹痛入院，当时她并不知道自己已有身孕。醒来时，她发现自己被手铐铐在轮床上，周围全是警察。她被指控自行堕胎，在拘留两年后，因加重杀人罪被判处八年监禁。图库曼省的一位女律师将为她的自由而战，数千名女性与众多组织纷纷声援，她们团结起来，试图改变历史的走向。,https://image.tmdb.org/t/p/w500/4UQ8qAtYeOrUQL3I44foCBfuwUl.jpg,tt37531036,https://www.imdb.com/title/tt37531036/,1301844
31,official-selection,Official Selection,影展精粹,Official Selection,影展精粹,Festival Highlights,影展精粹,#c8392a,Major prize-winners and most-talked-about titles from the year's leading festivals.,本年度国际重要电影节上的得奖与话题之作。,14,14,official-selection-500-miles,500 MILES,500英里,2026,Morgan Matthews,,102,"Ireland, United Kingdom, Cyprus",,EN,,A broken family is forced to come together when 16-year-old Finn and his livewire younger brother Charlie run away from trouble at home in England to reach their estranged grandfather on Ireland’s stunning and wild west coast.,,https://image.tmdb.org/t/p/w500/FhRosui9MSdxdyD3h0skOFhqED.jpg,tt31216533,https://www.imdb.com/title/tt31216533/,1242876
32,australian-glimpse,Australian Glimpse,澳洲掠影,Australia,澳洲,Curated Program,策展单元,#3a5a4a,"A glimpse of Australia on screen — landscape, voice, and time.",澳洲电影掠影——风景、声音与时间。,4,1,australian-glimpse-wolfram,WOLFRAM,钨,2025,Warwick Thornton,,100,Australia,,EN,,"1930s Australia, the colonial frontier: two swaggering outlaws roll into a mining town and unleash a wave of cruelty, leading three kids to break free from their white masters and set off across the 'sweet country' of central Australia in search of a safe home.",,https://image.tmdb.org/t/p/w500/gKOZseuIomJsAYSfPmld9BrVV3V.jpg,tt36826227,https://www.imdb.com/title/tt36826227/,1476362
32,australian-glimpse,Australian Glimpse,澳洲掠影,Australia,澳洲,Curated Program,策展单元,#3a5a4a,"A glimpse of Australia on screen — landscape, voice, and time.",澳洲电影掠影——风景、声音与时间。,4,2,australian-glimpse-storm-boy,STORM BOY,鹈鹕的故事,1977,Henri Safran,,88,Australia,,EN,,Mike is a lonely Australian boy living in a coastal wilderness with his reclusive father. In search of friendship he encounters an Aboriginal native loner and the two form a bond in the care of orphaned pelicans.,"在澳大利亚南部的库容海岸，一个叫麦克的10岁男孩与父亲在湖边居住，以打鱼为生。一天，麦克在湖边发现偷猎者在射杀醍醐，幸亏黑人猎手波塞沃及时赶到，赶走了偷猎者。麦克和波塞沃成了朋友，并将失去了妈妈的小鹈鹕带回家中饲养，与鹈鹕建立了深厚的感情。 影片围绕麦克和鹈鹕的感情，讲述了它保护鹈鹕的经过。鹈鹕是一种水禽，喜欢吃鱼，且很有灵性。",https://image.tmdb.org/t/p/w500/1nXbLb1Hw92bATJfDLpu4iH9zqJ.jpg,tt0076767,https://www.imdb.com/title/tt0076767/,14302
32,australian-glimpse,Australian Glimpse,澳洲掠影,Australia,澳洲,Curated Program,策展单元,#3a5a4a,"A glimpse of Australia on screen — landscape, voice, and time.",澳洲电影掠影——风景、声音与时间。,4,3,australian-glimpse-first-light,FIRST LIGHT,破晓微光,2025,Nicole Midori Woodford,,107,"Indonesia, Japan, Philippines, Singapore, Slovenia",,JA,,"Ami, haunted by recurring apparitions, embarks on a journey from Singapore to Japan in search of her missing mother. Amidst the transforming landscapes, Ami's dreams, hauntings and lost mother unveil their true form.",,https://image.tmdb.org/t/p/w500/yRm7zeb5Kqjnl4KFQUHMqBnCOtR.jpg,tt20565932,https://www.imdb.com/title/tt20565932/,1069174
32,australian-glimpse,Australian Glimpse,澳洲掠影,Australia,澳洲,Curated Program,策展单元,#3a5a4a,"A glimpse of Australia on screen — landscape, voice, and time.",澳洲电影掠影——风景、声音与时间。,4,4,australian-glimpse-mockbuster,MOCKBUSTER,恶搞大片,2025,Anthony Frith,,90,Australia,,EN,,"A struggling filmmaker’s opportunity collides with chaos and compromise when Sharknado’s notorious studio, The Asylum, invites him to direct a ""mockbuster."" With six days, a micro budget, and mounting pressure, Mockbuster is a comedic, behind-the-scenes documentary exploring the balance between low-budget filmmaking and creative ambition.",,https://image.tmdb.org/t/p/w500/wcjyHnvWtohsGrZHcNTEBwO2ooY.jpg,tt32377397,https://www.imdb.com/title/tt32377397/,1497325
33,siff-shorts,SIFF Short Films,SIFF短片,Shorts,短片,Section,单元,#2a5a7a,Inventive shorts from across continents and forms.,跨越大陆与形式的精短之作。,10,1,siff-shorts-agapito,AGAPITO,被爱的人,2025,Arvin Belarmino,,15,Philippines,,TL,,"It's the last day of the month. Bowlers flock to the lanes of a bowling alley that has seen better days. Mira, the bowling alley's manager, decides to close early. She's awaiting the arrival of a special visitor.",,https://image.tmdb.org/t/p/w500/4ZAdYXEbO7B3QhTYnznBDxnIUgZ.jpg,tt36724191,https://www.imdb.com/title/tt36724191/,1471256
33,siff-shorts,SIFF Short Films,SIFF短片,Shorts,短片,Section,单元,#2a5a7a,Inventive shorts from across continents and forms.,跨越大陆与形式的精短之作。,10,2,siff-shorts-stiina,STIINA,斯蒂娜,2025,Elisabeth Kužovnik,,15,Estonia,,ET,,"28-year-old Stiina is a single mother raising her 9-year-old daughter Emma by herself. While Stiina is working, Emma is often left home alone. What Stiina doesn't know is that Emma has a friend that keeps her company and comforts her when bad things happen. What neither of them know, is that Emma's friend is actually more connected to them than they realise.",,https://image.tmdb.org/t/p/w500/6hX9jVrQsxZI3bKfYiuHFMOeR0g.jpg,tt31452151,https://www.imdb.com/title/tt31452151/,1426264
33,siff-shorts,SIFF Short Films,SIFF短片,Shorts,短片,Section,单元,#2a5a7a,Inventive shorts from across continents and forms.,跨越大陆与形式的精短之作。,10,3,siff-shorts-maybe-in-march,MAYBE IN MARCH,或许在三月,2025,Mikkel Bjørn Kehlert,,,Denmark,,DA,,Observations of a family in a rural area who are about to sell their house—or is it something else? Secrets and unspoken words carry the characters through the film until they can no longer be contained. The words burst out of them and find their way.,,https://image.tmdb.org/t/p/w500/gT6jhhBxkrX8sXQrsnqg7lQDtHI.jpg,,https://www.imdb.com/find/?q=MAYBE+IN+MARCH+2025&s=tt&ttype=ft,1292039
33,siff-shorts,SIFF Short Films,SIFF短片,Shorts,短片,Section,单元,#2a5a7a,Inventive shorts from across continents and forms.,跨越大陆与形式的精短之作。,10,4,siff-shorts-nobody-knows-the-world,NOBODY KNOWS THE WORLD,天空彼端,2026,Roddy Dextre,,18,"Peru, Colombia, Spain, Mexico",,ES,,"In the outskirts of Lima, eleven-year-old Chito cares for the carrier pigeons used in his brother’s drug trade. After violence shatters his childhood, grief and a fragile gesture of humanity open the possibility of another destiny.",,https://image.tmdb.org/t/p/w500/ouoqZ5NTd8NTVbdiTCtErqtC4o9.jpg,tt39371318,https://www.imdb.com/title/tt39371318/,1616197
33,siff-shorts,SIFF Short Films,SIFF短片,Shorts,短片,Section,单元,#2a5a7a,Inventive shorts from across continents and forms.,跨越大陆与形式的精短之作。,10,5,siff-shorts-ali,ALI,阿里,2025,,,,,,,,,,,,https://www.imdb.com/find/?q=ALI+2025&s=tt&ttype=ft,
33,siff-shorts,SIFF Short Films,SIFF短片,Shorts,短片,Section,单元,#2a5a7a,Inventive shorts from across continents and forms.,跨越大陆与形式的精短之作。,10,6,siff-shorts-perfect-city-the-mushroom,PERFECT CITY: THE MUSHROOM,完美之城：蘑菇,2026,,,14,,,EN,,"Florida-based director Shengwei Zhou returns to the raw emotional wasteland of “Perfect City: The Bravest Kid” with another haunting stop-motion epic, this time weaving a tableau of tattered fabrics and frayed fibers to symbolize an artist’s grief over the loss of her brother.",,https://image.tmdb.org/t/p/w500/CfLZ8i6o40qvpILG6jW8dDcxbU.jpg,,https://www.imdb.com/find/?q=PERFECT+CITY%3A+THE+MUSHROOM+2026&s=tt&ttype=ft,1667314
33,siff-shorts,SIFF Short Films,SIFF短片,Shorts,短片,Section,单元,#2a5a7a,Inventive shorts from across continents and forms.,跨越大陆与形式的精短之作。,10,7,siff-shorts-the-unchosen-life,THE UNCHOSEN LIFE,落水命,2026,,,,,,,,,,,,https://www.imdb.com/find/?q=THE+UNCHOSEN+LIFE+2026&s=tt&ttype=ft,
33,siff-shorts,SIFF Short Films,SIFF短片,Shorts,短片,Section,单元,#2a5a7a,Inventive shorts from across continents and forms.,跨越大陆与形式的精短之作。,10,8,siff-shorts-scorching,SCORCHING,诞辰日,2026,Beidi Wang,,,China,,ZH,,"Li Yan’s life is as regimented as the production lines in the local poultry factory. Her grandmother is determined to get her a job there, but Li Yan refuses. Obsessed with the mystery of life and creation, she secretly attempts to hatch a stolen egg.",,,tt39371379,https://www.imdb.com/title/tt39371379/,1616160
33,siff-shorts,SIFF Short Films,SIFF短片,Shorts,短片,Section,单元,#2a5a7a,Inventive shorts from across continents and forms.,跨越大陆与形式的精短之作。,10,9,siff-shorts-kleptomania,KLEPTOMANIA,地三鲜,2026,Qu Jingkai,,23,China,,ZH,,"A rough wind is blowing between the dreary apartment blocks. In this world of adults, a rebellious boy struggles to find his way and encounters violence everywhere he turns. A portrait of a society in fragmented images.",哈尔滨的冬夜，男孩收藏的卡牌被高年级的学生悉数抢走。他试图通过恶作剧释放积压的情绪，但他逐渐发现，暴力正在他的世界里周而复始地上演。,https://image.tmdb.org/t/p/w500/9GJWwtNADiIaaNA9kB4OUxfyaTW.jpg,,https://www.imdb.com/find/?q=KLEPTOMANIA+2026&s=tt&ttype=ft,1614686
33,siff-shorts,SIFF Short Films,SIFF短片,Shorts,短片,Section,单元,#2a5a7a,Inventive shorts from across continents and forms.,跨越大陆与形式的精短之作。,10,10,siff-shorts-bye,BYE!,每块石头都有自己的名字,2025,,,,,,,,,,,,https://www.imdb.com/find/?q=BYE%21+2025&s=tt&ttype=ft,
